No	LogDevNo	GrpNo	UniqueId	Ident	BusLevel	PDLen	StationName	DeviceName	DiagName	VendName	DevType	DbGroup	IconLib	IconNo	TypA1	TypW1	TypW2	DevState	PdIdx	PdName	PdDir	PdLen	PdBytePos	PdBitPos	PdType	Virtual	MultAddr	PdAss	InitVal	InstName	CfgName	ResName	WhichDev	DataType
4	00F0	FFFF	3	3	0	96	'Anschaltbaugruppe'	'IBS PCI SC/RI/I-T'	''	'PHOENIX CONTACT'	'IBS PCI SC/RI/I-T'	''	'ICON.ICL'	927	3	4	1	1	18	'E_Byt_0'	1	8	0	0	2	0	1	'@'	'@'	'@'	'@'	'@'	2	'@'
4	00F0	FFFF	3	3	0	96	'Anschaltbaugruppe'	'IBS PCI SC/RI/I-T'	''	'PHOENIX CONTACT'	'IBS PCI SC/RI/I-T'	''	'ICON.ICL'	927	3	4	1	1	17	'E_Byt_1'	1	8	1	0	2	0	1	'@'	'@'	'@'	'@'	'@'	2	'@'
4	00F0	FFFF	3	3	0	96	'Anschaltbaugruppe'	'IBS PCI SC/RI/I-T'	''	'PHOENIX CONTACT'	'IBS PCI SC/RI/I-T'	''	'ICON.ICL'	927	3	4	1	1	16	'E_Byt_2'	1	8	2	0	2	0	1	'@'	'@'	'@'	'@'	'@'	2	'@'
4	00F0	FFFF	3	3	0	96	'Anschaltbaugruppe'	'IBS PCI SC/RI/I-T'	''	'PHOENIX CONTACT'	'IBS PCI SC/RI/I-T'	''	'ICON.ICL'	927	3	4	1	1	15	'E_Byt_3'	1	8	3	0	2	0	1	'@'	'@'	'@'	'@'	'@'	2	'@'
4	00F0	FFFF	3	3	0	96	'Anschaltbaugruppe'	'IBS PCI SC/RI/I-T'	''	'PHOENIX CONTACT'	'IBS PCI SC/RI/I-T'	''	'ICON.ICL'	927	3	4	1	1	14	'E_Byt_4'	1	8	4	0	2	0	1	'@'	'@'	'@'	'@'	'@'	2	'@'
4	00F0	FFFF	3	3	0	96	'Anschaltbaugruppe'	'IBS PCI SC/RI/I-T'	''	'PHOENIX CONTACT'	'IBS PCI SC/RI/I-T'	''	'ICON.ICL'	927	3	4	1	1	13	'E_Byt_5'	1	8	5	0	2	0	1	'@'	'@'	'@'	'@'	'@'	2	'@'
4	00F0	FFFF	3	3	0	96	'Anschaltbaugruppe'	'IBS PCI SC/RI/I-T'	''	'PHOENIX CONTACT'	'IBS PCI SC/RI/I-T'	''	'ICON.ICL'	927	3	4	1	1	51	'E_Byt_6'	1	8	6	0	2	0	1	'@'	'@'	'@'	'@'	'@'	2	'@'
4	00F0	FFFF	3	3	0	96	'Anschaltbaugruppe'	'IBS PCI SC/RI/I-T'	''	'PHOENIX CONTACT'	'IBS PCI SC/RI/I-T'	''	'ICON.ICL'	927	3	4	1	1	11	'E_Byt_7'	1	8	7	0	2	0	1	'@'	'@'	'@'	'@'	'@'	2	'@'
4	00F0	FFFF	3	3	0	96	'Anschaltbaugruppe'	'IBS PCI SC/RI/I-T'	''	'PHOENIX CONTACT'	'IBS PCI SC/RI/I-T'	''	'ICON.ICL'	927	3	4	1	1	4	'E_Byt_8'	1	8	8	0	2	0	1	'@'	'@'	'@'	'@'	'@'	2	'@'
4	00F0	FFFF	3	3	0	96	'Anschaltbaugruppe'	'IBS PCI SC/RI/I-T'	''	'PHOENIX CONTACT'	'IBS PCI SC/RI/I-T'	''	'ICON.ICL'	927	3	4	1	1	12	'E_Byt_9'	1	8	9	0	2	0	1	'@'	'@'	'@'	'@'	'@'	2	'@'
4	00F0	FFFF	3	3	0	96	'Anschaltbaugruppe'	'IBS PCI SC/RI/I-T'	''	'PHOENIX CONTACT'	'IBS PCI SC/RI/I-T'	''	'ICON.ICL'	927	3	4	1	1	53	'E_Byt_10'	1	8	10	0	2	0	1	'@'	'@'	'@'	'@'	'@'	2	'@'
4	00F0	FFFF	3	3	0	96	'Anschaltbaugruppe'	'IBS PCI SC/RI/I-T'	''	'PHOENIX CONTACT'	'IBS PCI SC/RI/I-T'	''	'ICON.ICL'	927	3	4	1	1	59	'E_Byt_11'	1	8	11	0	2	0	1	'@'	'@'	'@'	'@'	'@'	2	'@'
4	00F0	FFFF	3	3	0	96	'Anschaltbaugruppe'	'IBS PCI SC/RI/I-T'	''	'PHOENIX CONTACT'	'IBS PCI SC/RI/I-T'	''	'ICON.ICL'	927	3	4	1	1	10	'A_Byt_0'	2	8	0	0	2	0	1	'@'	'@'	'@'	'@'	'@'	2	'@'
4	00F0	FFFF	3	3	0	96	'Anschaltbaugruppe'	'IBS PCI SC/RI/I-T'	''	'PHOENIX CONTACT'	'IBS PCI SC/RI/I-T'	''	'ICON.ICL'	927	3	4	1	1	9	'A_Byt_1'	2	8	1	0	2	0	1	'@'	'@'	'@'	'@'	'@'	2	'@'
4	00F0	FFFF	3	3	0	96	'Anschaltbaugruppe'	'IBS PCI SC/RI/I-T'	''	'PHOENIX CONTACT'	'IBS PCI SC/RI/I-T'	''	'ICON.ICL'	927	3	4	1	1	8	'A_Byt_2'	2	8	2	0	2	0	1	'@'	'@'	'@'	'@'	'@'	2	'@'
4	00F0	FFFF	3	3	0	96	'Anschaltbaugruppe'	'IBS PCI SC/RI/I-T'	''	'PHOENIX CONTACT'	'IBS PCI SC/RI/I-T'	''	'ICON.ICL'	927	3	4	1	1	7	'A_Byt_3'	2	8	3	0	2	0	1	'@'	'@'	'@'	'@'	'@'	2	'@'
4	00F0	FFFF	3	3	0	96	'Anschaltbaugruppe'	'IBS PCI SC/RI/I-T'	''	'PHOENIX CONTACT'	'IBS PCI SC/RI/I-T'	''	'ICON.ICL'	927	3	4	1	1	6	'A_Byt_4'	2	8	4	0	2	0	1	'@'	'@'	'@'	'@'	'@'	2	'@'
4	00F0	FFFF	3	3	0	96	'Anschaltbaugruppe'	'IBS PCI SC/RI/I-T'	''	'PHOENIX CONTACT'	'IBS PCI SC/RI/I-T'	''	'ICON.ICL'	927	3	4	1	1	42	'A_Byt_5'	2	8	5	0	2	0	1	'@'	'@'	'@'	'@'	'@'	2	'@'
4	00F0	FFFF	3	3	0	96	'Anschaltbaugruppe'	'IBS PCI SC/RI/I-T'	''	'PHOENIX CONTACT'	'IBS PCI SC/RI/I-T'	''	'ICON.ICL'	927	3	4	1	1	52	'A_Byt_6'	2	8	6	0	2	0	1	'@'	'@'	'@'	'@'	'@'	2	'@'
4	00F0	FFFF	3	3	0	96	'Anschaltbaugruppe'	'IBS PCI SC/RI/I-T'	''	'PHOENIX CONTACT'	'IBS PCI SC/RI/I-T'	''	'ICON.ICL'	927	3	4	1	1	3	'A_Byt_7'	2	8	7	0	2	0	1	'@'	'@'	'@'	'@'	'@'	2	'@'
4	00F0	FFFF	3	3	0	96	'Anschaltbaugruppe'	'IBS PCI SC/RI/I-T'	''	'PHOENIX CONTACT'	'IBS PCI SC/RI/I-T'	''	'ICON.ICL'	927	3	4	1	1	5	'A_Byt_8'	2	8	8	0	2	0	1	'@'	'@'	'@'	'@'	'@'	2	'@'
4	00F0	FFFF	3	3	0	96	'Anschaltbaugruppe'	'IBS PCI SC/RI/I-T'	''	'PHOENIX CONTACT'	'IBS PCI SC/RI/I-T'	''	'ICON.ICL'	927	3	4	1	1	48	'A_865'	2	1	8	0	2	0	1	'@'	'@'	'@'	'@'	'@'	2	'@'
4	00F0	FFFF	3	3	0	96	'Anschaltbaugruppe'	'IBS PCI SC/RI/I-T'	''	'PHOENIX CONTACT'	'IBS PCI SC/RI/I-T'	''	'ICON.ICL'	927	3	4	1	1	60	'A_866'	2	1	8	1	2	0	1	'@'	'@'	'@'	'@'	'@'	2	'@'
4	00F0	FFFF	3	3	0	96	'Anschaltbaugruppe'	'IBS PCI SC/RI/I-T'	''	'PHOENIX CONTACT'	'IBS PCI SC/RI/I-T'	''	'ICON.ICL'	927	3	4	1	1	64	'A_867'	2	1	8	2	2	0	1	'@'	'@'	'@'	'@'	'@'	2	'@'
4	00F0	FFFF	3	3	0	96	'Anschaltbaugruppe'	'IBS PCI SC/RI/I-T'	''	'PHOENIX CONTACT'	'IBS PCI SC/RI/I-T'	''	'ICON.ICL'	927	3	4	1	1	65	'A_868'	2	1	8	3	2	0	1	'@'	'@'	'@'	'@'	'@'	2	'@'
4	00F0	FFFF	3	3	0	96	'Anschaltbaugruppe'	'IBS PCI SC/RI/I-T'	''	'PHOENIX CONTACT'	'IBS PCI SC/RI/I-T'	''	'ICON.ICL'	927	3	4	1	1	66	'A_869'	2	1	8	4	2	0	1	'@'	'@'	'@'	'@'	'@'	2	'@'
4	00F0	FFFF	3	3	0	96	'Anschaltbaugruppe'	'IBS PCI SC/RI/I-T'	''	'PHOENIX CONTACT'	'IBS PCI SC/RI/I-T'	''	'ICON.ICL'	927	3	4	1	1	63	'A_870'	2	1	8	5	2	0	1	'@'	'@'	'@'	'@'	'@'	2	'@'
4	00F0	FFFF	3	3	0	96	'Anschaltbaugruppe'	'IBS PCI SC/RI/I-T'	''	'PHOENIX CONTACT'	'IBS PCI SC/RI/I-T'	''	'ICON.ICL'	927	3	4	1	1	62	'A_871'	2	1	8	6	2	0	1	'@'	'@'	'@'	'@'	'@'	2	'@'
4	00F0	FFFF	3	3	0	96	'Anschaltbaugruppe'	'IBS PCI SC/RI/I-T'	''	'PHOENIX CONTACT'	'IBS PCI SC/RI/I-T'	''	'ICON.ICL'	927	3	4	1	1	61	'A_872'	2	1	8	7	2	0	1	'@'	'@'	'@'	'@'	'@'	2	'@'
4	00F0	FFFF	3	3	0	96	'Anschaltbaugruppe'	'IBS PCI SC/RI/I-T'	''	'PHOENIX CONTACT'	'IBS PCI SC/RI/I-T'	''	'ICON.ICL'	927	3	4	1	1	19	'A_Byt_9'	2	8	9	0	2	0	1	'@'	'@'	'@'	'@'	'@'	2	'@'
4	00F0	FFFF	3	3	0	96	'Anschaltbaugruppe'	'IBS PCI SC/RI/I-T'	''	'PHOENIX CONTACT'	'IBS PCI SC/RI/I-T'	''	'ICON.ICL'	927	3	4	1	1	67	'A_873'	2	1	9	0	2	0	1	'@'	'@'	'@'	'@'	'@'	2	'@'
4	00F0	FFFF	3	3	0	96	'Anschaltbaugruppe'	'IBS PCI SC/RI/I-T'	''	'PHOENIX CONTACT'	'IBS PCI SC/RI/I-T'	''	'ICON.ICL'	927	3	4	1	1	69	'A_874'	2	1	9	1	2	0	1	'@'	'@'	'@'	'@'	'@'	2	'@'
4	00F0	FFFF	3	3	0	96	'Anschaltbaugruppe'	'IBS PCI SC/RI/I-T'	''	'PHOENIX CONTACT'	'IBS PCI SC/RI/I-T'	''	'ICON.ICL'	927	3	4	1	1	73	'A_875'	2	1	9	2	2	0	1	'@'	'@'	'@'	'@'	'@'	2	'@'
4	00F0	FFFF	3	3	0	96	'Anschaltbaugruppe'	'IBS PCI SC/RI/I-T'	''	'PHOENIX CONTACT'	'IBS PCI SC/RI/I-T'	''	'ICON.ICL'	927	3	4	1	1	74	'A_876'	2	1	9	3	2	0	1	'@'	'@'	'@'	'@'	'@'	2	'@'
4	00F0	FFFF	3	3	0	96	'Anschaltbaugruppe'	'IBS PCI SC/RI/I-T'	''	'PHOENIX CONTACT'	'IBS PCI SC/RI/I-T'	''	'ICON.ICL'	927	3	4	1	1	75	'A_877'	2	1	9	4	2	0	1	'@'	'@'	'@'	'@'	'@'	2	'@'
4	00F0	FFFF	3	3	0	96	'Anschaltbaugruppe'	'IBS PCI SC/RI/I-T'	''	'PHOENIX CONTACT'	'IBS PCI SC/RI/I-T'	''	'ICON.ICL'	927	3	4	1	1	70	'A_878'	2	1	9	5	2	0	1	'@'	'@'	'@'	'@'	'@'	2	'@'
4	00F0	FFFF	3	3	0	96	'Anschaltbaugruppe'	'IBS PCI SC/RI/I-T'	''	'PHOENIX CONTACT'	'IBS PCI SC/RI/I-T'	''	'ICON.ICL'	927	3	4	1	1	71	'A_879'	2	1	9	6	2	0	1	'@'	'@'	'@'	'@'	'@'	2	'@'
4	00F0	FFFF	3	3	0	96	'Anschaltbaugruppe'	'IBS PCI SC/RI/I-T'	''	'PHOENIX CONTACT'	'IBS PCI SC/RI/I-T'	''	'ICON.ICL'	927	3	4	1	1	72	'A_880'	2	1	9	7	2	0	1	'@'	'@'	'@'	'@'	'@'	2	'@'
4	00F0	FFFF	3	3	0	96	'Anschaltbaugruppe'	'IBS PCI SC/RI/I-T'	''	'PHOENIX CONTACT'	'IBS PCI SC/RI/I-T'	''	'ICON.ICL'	927	3	4	1	1	20	'A_Byt_10'	2	8	10	0	2	0	1	'@'	'@'	'@'	'@'	'@'	2	'@'
4	00F0	FFFF	3	3	0	96	'Anschaltbaugruppe'	'IBS PCI SC/RI/I-T'	''	'PHOENIX CONTACT'	'IBS PCI SC/RI/I-T'	''	'ICON.ICL'	927	3	4	1	1	68	'A_881'	2	1	10	0	2	0	1	'@'	'@'	'@'	'@'	'@'	2	'@'
4	00F0	FFFF	3	3	0	96	'Anschaltbaugruppe'	'IBS PCI SC/RI/I-T'	''	'PHOENIX CONTACT'	'IBS PCI SC/RI/I-T'	''	'ICON.ICL'	927	3	4	1	1	82	'A_882'	2	1	10	1	2	0	1	'@'	'@'	'@'	'@'	'@'	2	'@'
4	00F0	FFFF	3	3	0	96	'Anschaltbaugruppe'	'IBS PCI SC/RI/I-T'	''	'PHOENIX CONTACT'	'IBS PCI SC/RI/I-T'	''	'ICON.ICL'	927	3	4	1	1	76	'A_883'	2	1	10	2	2	0	1	'@'	'@'	'@'	'@'	'@'	2	'@'
4	00F0	FFFF	3	3	0	96	'Anschaltbaugruppe'	'IBS PCI SC/RI/I-T'	''	'PHOENIX CONTACT'	'IBS PCI SC/RI/I-T'	''	'ICON.ICL'	927	3	4	1	1	77	'A_884'	2	1	10	3	2	0	1	'@'	'@'	'@'	'@'	'@'	2	'@'
4	00F0	FFFF	3	3	0	96	'Anschaltbaugruppe'	'IBS PCI SC/RI/I-T'	''	'PHOENIX CONTACT'	'IBS PCI SC/RI/I-T'	''	'ICON.ICL'	927	3	4	1	1	78	'A_885'	2	1	10	4	2	0	1	'@'	'@'	'@'	'@'	'@'	2	'@'
4	00F0	FFFF	3	3	0	96	'Anschaltbaugruppe'	'IBS PCI SC/RI/I-T'	''	'PHOENIX CONTACT'	'IBS PCI SC/RI/I-T'	''	'ICON.ICL'	927	3	4	1	1	79	'A_886'	2	1	10	5	2	0	1	'@'	'@'	'@'	'@'	'@'	2	'@'
4	00F0	FFFF	3	3	0	96	'Anschaltbaugruppe'	'IBS PCI SC/RI/I-T'	''	'PHOENIX CONTACT'	'IBS PCI SC/RI/I-T'	''	'ICON.ICL'	927	3	4	1	1	80	'A_887'	2	1	10	6	2	0	1	'@'	'@'	'@'	'@'	'@'	2	'@'
4	00F0	FFFF	3	3	0	96	'Anschaltbaugruppe'	'IBS PCI SC/RI/I-T'	''	'PHOENIX CONTACT'	'IBS PCI SC/RI/I-T'	''	'ICON.ICL'	927	3	4	1	1	81	'A_888'	2	1	10	7	2	0	1	'@'	'@'	'@'	'@'	'@'	2	'@'
4	00F0	FFFF	3	3	0	96	'Anschaltbaugruppe'	'IBS PCI SC/RI/I-T'	''	'PHOENIX CONTACT'	'IBS PCI SC/RI/I-T'	''	'ICON.ICL'	927	3	4	1	1	21	'A_Byt_11'	2	8	11	0	2	0	1	'@'	'@'	'@'	'@'	'@'	2	'@'
4	00F0	FFFF	3	3	0	96	'Anschaltbaugruppe'	'IBS PCI SC/RI/I-T'	''	'PHOENIX CONTACT'	'IBS PCI SC/RI/I-T'	''	'ICON.ICL'	927	3	4	1	1	83	'A_889'	2	1	11	0	2	0	1	'@'	'@'	'@'	'@'	'@'	2	'@'
4	00F0	FFFF	3	3	0	96	'Anschaltbaugruppe'	'IBS PCI SC/RI/I-T'	''	'PHOENIX CONTACT'	'IBS PCI SC/RI/I-T'	''	'ICON.ICL'	927	3	4	1	1	84	'A_890'	2	1	11	1	2	0	1	'@'	'@'	'@'	'@'	'@'	2	'@'
4	00F0	FFFF	3	3	0	96	'Anschaltbaugruppe'	'IBS PCI SC/RI/I-T'	''	'PHOENIX CONTACT'	'IBS PCI SC/RI/I-T'	''	'ICON.ICL'	927	3	4	1	1	85	'A_891'	2	1	11	2	2	0	1	'@'	'@'	'@'	'@'	'@'	2	'@'
4	00F0	FFFF	3	3	0	96	'Anschaltbaugruppe'	'IBS PCI SC/RI/I-T'	''	'PHOENIX CONTACT'	'IBS PCI SC/RI/I-T'	''	'ICON.ICL'	927	3	4	1	1	86	'A_892'	2	1	11	3	2	0	1	'@'	'@'	'@'	'@'	'@'	2	'@'
4	00F0	FFFF	3	3	0	96	'Anschaltbaugruppe'	'IBS PCI SC/RI/I-T'	''	'PHOENIX CONTACT'	'IBS PCI SC/RI/I-T'	''	'ICON.ICL'	927	3	4	1	1	87	'A_893'	2	1	11	4	2	0	1	'@'	'@'	'@'	'@'	'@'	2	'@'
4	00F0	FFFF	3	3	0	96	'Anschaltbaugruppe'	'IBS PCI SC/RI/I-T'	''	'PHOENIX CONTACT'	'IBS PCI SC/RI/I-T'	''	'ICON.ICL'	927	3	4	1	1	88	'A_894'	2	1	11	5	2	0	1	'@'	'@'	'@'	'@'	'@'	2	'@'
4	00F0	FFFF	3	3	0	96	'Anschaltbaugruppe'	'IBS PCI SC/RI/I-T'	''	'PHOENIX CONTACT'	'IBS PCI SC/RI/I-T'	''	'ICON.ICL'	927	3	4	1	1	89	'A_895'	2	1	11	6	2	0	1	'@'	'@'	'@'	'@'	'@'	2	'@'
4	00F0	FFFF	3	3	0	96	'Anschaltbaugruppe'	'IBS PCI SC/RI/I-T'	''	'PHOENIX CONTACT'	'IBS PCI SC/RI/I-T'	''	'ICON.ICL'	927	3	4	1	1	90	'A_896'	2	1	11	7	2	0	1	'@'	'@'	'@'	'@'	'@'	2	'@'
4	00F0	FFFF	3	3	0	96	'Anschaltbaugruppe'	'IBS PCI SC/RI/I-T'	''	'PHOENIX CONTACT'	'IBS PCI SC/RI/I-T'	''	'ICON.ICL'	927	3	4	1	1	1	'96-Bit_Eingang_1'	1	96	0	0	2	0	1	'@'	'@'	'@'	'@'	'@'	2	'@'
4	00F0	FFFF	3	3	0	96	'Anschaltbaugruppe'	'IBS PCI SC/RI/I-T'	''	'PHOENIX CONTACT'	'IBS PCI SC/RI/I-T'	''	'ICON.ICL'	927	3	4	1	1	2	'96-Bit_Ausgang_1'	2	96	0	0	2	0	1	'@'	'@'	'@'	'@'	'@'	2	'@'
8	0B00	FFFF	17	47	0	16	'B28-29'	'Armario Bosch  ( E/A 49-64 )'	''	''	''	''	'C:\IBSCMD\IBS_4_30\PICTURE\PHOENIX.ICL'	999	1	1	1	1	1	'Eing_Wort_6'	1	16	0	0	2	0	1	'28'	'@'	'@'	'@'	'@'	40	'@'
8	0B00	FFFF	17	47	0	16	'B28-29'	'Armario Bosch  ( E/A 49-64 )'	''	''	''	''	'C:\IBSCMD\IBS_4_30\PICTURE\PHOENIX.ICL'	999	1	1	1	1	2	'Ausg_Wort_6'	2	16	0	0	2	0	1	'28'	'@'	'@'	'@'	'@'	40	'@'
8	0B00	FFFF	17	47	0	16	'B28-29'	'Armario Bosch  ( E/A 49-64 )'	''	''	''	''	'C:\IBSCMD\IBS_4_30\PICTURE\PHOENIX.ICL'	999	1	1	1	1	3	'E_231_SKVORW'	1	1	1	2	2	0	1	'SL.A_881'	'@'	'@'	'@'	'@'	40	'@'
8	0B00	FFFF	17	47	0	16	'B28-29'	'Armario Bosch  ( E/A 49-64 )'	''	''	''	''	'C:\IBSCMD\IBS_4_30\PICTURE\PHOENIX.ICL'	999	1	1	1	1	4	'E_232_SKMAX'	1	1	1	3	2	0	1	'SL.A_882'	'@'	'@'	'@'	'@'	40	'@'
8	0B00	FFFF	17	47	0	16	'B28-29'	'Armario Bosch  ( E/A 49-64 )'	''	''	''	''	'C:\IBSCMD\IBS_4_30\PICTURE\PHOENIX.ICL'	999	1	1	1	1	5	'E_226_SKBER'	1	1	1	4	2	0	1	'SL.A_883'	'@'	'@'	'@'	'@'	40	'@'
9	0E00	FFFF	7	3	0	8	'B 21'	'Werkzeugablage 1 (E/A 161-168)'	''	''	''	''	'D:\WINAPPS\IBSCMD\PICTURE\PHOENIX.ICL'	302	1	0	1	1	3	'I_0_B1T'	1	1	0	0	2	0	1	'SL.A_880'	'@'	'@'	'@'	'@'	40	'@'
9	0E00	FFFF	7	3	0	8	'B 21'	'Werkzeugablage 1 (E/A 161-168)'	''	''	''	''	'D:\WINAPPS\IBSCMD\PICTURE\PHOENIX.ICL'	302	1	0	1	1	3	'I_0_B1T'	1	1	0	0	2	0	1	'21.0'	'@'	'@'	'@'	'@'	40	'@'
9	0E00	FFFF	7	3	0	8	'B 21'	'Werkzeugablage 1 (E/A 161-168)'	''	''	''	''	'D:\WINAPPS\IBSCMD\PICTURE\PHOENIX.ICL'	302	1	0	1	1	10	'I_1'	1	1	0	1	2	0	1	'@'	'@'	'@'	'@'	'@'	40	'@'
9	0E00	FFFF	7	3	0	8	'B 21'	'Werkzeugablage 1 (E/A 161-168)'	''	''	''	''	'D:\WINAPPS\IBSCMD\PICTURE\PHOENIX.ICL'	302	1	0	1	1	4	'I_2'	1	1	0	2	2	0	1	'@'	'@'	'@'	'@'	'@'	40	'@'
9	0E00	FFFF	7	3	0	8	'B 21'	'Werkzeugablage 1 (E/A 161-168)'	''	''	''	''	'D:\WINAPPS\IBSCMD\PICTURE\PHOENIX.ICL'	302	1	0	1	1	5	'I_3_'	1	1	0	3	2	0	1	'@'	'@'	'@'	'@'	'@'	40	'@'
9	0E00	FFFF	7	3	0	8	'B 21'	'Werkzeugablage 1 (E/A 161-168)'	''	''	''	''	'D:\WINAPPS\IBSCMD\PICTURE\PHOENIX.ICL'	302	1	0	1	1	6	'I_4_B1VEV'	1	1	0	4	2	0	1	'21.4'	'@'	'@'	'@'	'@'	40	'@'
9	0E00	FFFF	7	3	0	8	'B 21'	'Werkzeugablage 1 (E/A 161-168)'	''	''	''	''	'D:\WINAPPS\IBSCMD\PICTURE\PHOENIX.ICL'	302	1	0	1	1	7	'I_5_B1VER'	1	1	0	5	2	0	1	'21.5'	'@'	'@'	'@'	'@'	40	'@'
9	0E00	FFFF	7	3	0	8	'B 21'	'Werkzeugablage 1 (E/A 161-168)'	''	''	''	''	'D:\WINAPPS\IBSCMD\PICTURE\PHOENIX.ICL'	302	1	0	1	1	11	'I_6'	1	1	0	6	2	0	1	'@'	'@'	'@'	'@'	'@'	40	'@'
9	0E00	FFFF	7	3	0	8	'B 21'	'Werkzeugablage 1 (E/A 161-168)'	''	''	''	''	'D:\WINAPPS\IBSCMD\PICTURE\PHOENIX.ICL'	302	1	0	1	1	12	'I_7'	1	1	0	7	2	0	1	'@'	'@'	'@'	'@'	'@'	40	'@'
9	0E00	FFFF	7	3	0	8	'B 21'	'Werkzeugablage 1 (E/A 161-168)'	''	''	''	''	'D:\WINAPPS\IBSCMD\PICTURE\PHOENIX.ICL'	302	1	0	1	1	1	'Eingang_Byt_10'	1	8	0	0	2	0	1	'@'	'@'	'@'	'@'	'@'	40	'@'
9	0E00	FFFF	7	3	0	8	'B 21'	'Werkzeugablage 1 (E/A 161-168)'	''	''	''	''	'D:\WINAPPS\IBSCMD\PICTURE\PHOENIX.ICL'	302	1	0	1	1	13	'O_0'	2	1	0	0	2	0	1	'@'	'@'	'@'	'@'	'@'	40	'@'
9	0E00	FFFF	7	3	0	8	'B 21'	'Werkzeugablage 1 (E/A 161-168)'	''	''	''	''	'D:\WINAPPS\IBSCMD\PICTURE\PHOENIX.ICL'	302	1	0	1	1	8	'O_1'	2	1	0	1	2	0	1	'@'	'@'	'@'	'@'	'@'	40	'@'
9	0E00	FFFF	7	3	0	8	'B 21'	'Werkzeugablage 1 (E/A 161-168)'	''	''	''	''	'D:\WINAPPS\IBSCMD\PICTURE\PHOENIX.ICL'	302	1	0	1	1	14	'O_2'	2	1	0	2	2	0	1	'@'	'@'	'@'	'@'	'@'	40	'@'
9	0E00	FFFF	7	3	0	8	'B 21'	'Werkzeugablage 1 (E/A 161-168)'	''	''	''	''	'D:\WINAPPS\IBSCMD\PICTURE\PHOENIX.ICL'	302	1	0	1	1	15	'O_3'	2	1	0	3	2	0	1	'@'	'@'	'@'	'@'	'@'	40	'@'
9	0E00	FFFF	7	3	0	8	'B 21'	'Werkzeugablage 1 (E/A 161-168)'	''	''	''	''	'D:\WINAPPS\IBSCMD\PICTURE\PHOENIX.ICL'	302	1	0	1	1	17	'O_4'	2	1	0	4	2	0	1	'@'	'@'	'@'	'@'	'@'	40	'@'
9	0E00	FFFF	7	3	0	8	'B 21'	'Werkzeugablage 1 (E/A 161-168)'	''	''	''	''	'D:\WINAPPS\IBSCMD\PICTURE\PHOENIX.ICL'	302	1	0	1	1	18	'O_5'	2	1	0	5	2	0	1	'@'	'@'	'@'	'@'	'@'	40	'@'
9	0E00	FFFF	7	3	0	8	'B 21'	'Werkzeugablage 1 (E/A 161-168)'	''	''	''	''	'D:\WINAPPS\IBSCMD\PICTURE\PHOENIX.ICL'	302	1	0	1	1	9	'O_6_Y1V'	2	1	0	6	2	0	1	'21.6'	'@'	'@'	'@'	'@'	40	'@'
9	0E00	FFFF	7	3	0	8	'B 21'	'Werkzeugablage 1 (E/A 161-168)'	''	''	''	''	'D:\WINAPPS\IBSCMD\PICTURE\PHOENIX.ICL'	302	1	0	1	1	16	'O_7_Y1R'	2	1	0	7	2	0	1	'21.7'	'@'	'@'	'@'	'@'	40	'@'
9	0E00	FFFF	7	3	0	8	'B 21'	'Werkzeugablage 1 (E/A 161-168)'	''	''	''	''	'D:\WINAPPS\IBSCMD\PICTURE\PHOENIX.ICL'	302	1	0	1	1	2	'Ausgang_Byt_10'	2	8	0	0	2	0	1	'@'	'@'	'@'	'@'	'@'	40	'@'
10	1800	FFFF	8	3	0	8	'B 20'	'Werkzeugablage 2 (E/A 169-176)'	''	''	''	''	'D:\WINAPPS\IBSCMD\PICTURE\PHOENIX.ICL'	302	1	0	1	1	3	'I_0_B1T'	1	1	0	0	2	0	1	'SL.A_879'	'@'	'@'	'@'	'@'	40	'@'
10	1800	FFFF	8	3	0	8	'B 20'	'Werkzeugablage 2 (E/A 169-176)'	''	''	''	''	'D:\WINAPPS\IBSCMD\PICTURE\PHOENIX.ICL'	302	1	0	1	1	3	'I_0_B1T'	1	1	0	0	2	0	1	'24.0'	'@'	'@'	'@'	'@'	40	'@'
10	1800	FFFF	8	3	0	8	'B 20'	'Werkzeugablage 2 (E/A 169-176)'	''	''	''	''	'D:\WINAPPS\IBSCMD\PICTURE\PHOENIX.ICL'	302	1	0	1	1	10	'I_1'	1	1	0	1	2	0	1	'@'	'@'	'@'	'@'	'@'	40	'@'
10	1800	FFFF	8	3	0	8	'B 20'	'Werkzeugablage 2 (E/A 169-176)'	''	''	''	''	'D:\WINAPPS\IBSCMD\PICTURE\PHOENIX.ICL'	302	1	0	1	1	4	'I_2'	1	1	0	2	2	0	1	'@'	'@'	'@'	'@'	'@'	40	'@'
10	1800	FFFF	8	3	0	8	'B 20'	'Werkzeugablage 2 (E/A 169-176)'	''	''	''	''	'D:\WINAPPS\IBSCMD\PICTURE\PHOENIX.ICL'	302	1	0	1	1	5	'I_3_'	1	1	0	3	2	0	1	'@'	'@'	'@'	'@'	'@'	40	'@'
10	1800	FFFF	8	3	0	8	'B 20'	'Werkzeugablage 2 (E/A 169-176)'	''	''	''	''	'D:\WINAPPS\IBSCMD\PICTURE\PHOENIX.ICL'	302	1	0	1	1	6	'I_4_B1VEV'	1	1	0	4	2	0	1	'24.4'	'@'	'@'	'@'	'@'	40	'@'
10	1800	FFFF	8	3	0	8	'B 20'	'Werkzeugablage 2 (E/A 169-176)'	''	''	''	''	'D:\WINAPPS\IBSCMD\PICTURE\PHOENIX.ICL'	302	1	0	1	1	7	'I_5_B1VER'	1	1	0	5	2	0	1	'24.5'	'@'	'@'	'@'	'@'	40	'@'
10	1800	FFFF	8	3	0	8	'B 20'	'Werkzeugablage 2 (E/A 169-176)'	''	''	''	''	'D:\WINAPPS\IBSCMD\PICTURE\PHOENIX.ICL'	302	1	0	1	1	11	'I_6'	1	1	0	6	2	0	1	'@'	'@'	'@'	'@'	'@'	40	'@'
10	1800	FFFF	8	3	0	8	'B 20'	'Werkzeugablage 2 (E/A 169-176)'	''	''	''	''	'D:\WINAPPS\IBSCMD\PICTURE\PHOENIX.ICL'	302	1	0	1	1	12	'I_7'	1	1	0	7	2	0	1	'@'	'@'	'@'	'@'	'@'	40	'@'
10	1800	FFFF	8	3	0	8	'B 20'	'Werkzeugablage 2 (E/A 169-176)'	''	''	''	''	'D:\WINAPPS\IBSCMD\PICTURE\PHOENIX.ICL'	302	1	0	1	1	1	'Eingang_Byt_10'	1	8	0	0	2	0	1	'@'	'@'	'@'	'@'	'@'	40	'@'
10	1800	FFFF	8	3	0	8	'B 20'	'Werkzeugablage 2 (E/A 169-176)'	''	''	''	''	'D:\WINAPPS\IBSCMD\PICTURE\PHOENIX.ICL'	302	1	0	1	1	13	'O_0'	2	1	0	0	2	0	1	'@'	'@'	'@'	'@'	'@'	40	'@'
10	1800	FFFF	8	3	0	8	'B 20'	'Werkzeugablage 2 (E/A 169-176)'	''	''	''	''	'D:\WINAPPS\IBSCMD\PICTURE\PHOENIX.ICL'	302	1	0	1	1	8	'O_1'	2	1	0	1	2	0	1	'@'	'@'	'@'	'@'	'@'	40	'@'
10	1800	FFFF	8	3	0	8	'B 20'	'Werkzeugablage 2 (E/A 169-176)'	''	''	''	''	'D:\WINAPPS\IBSCMD\PICTURE\PHOENIX.ICL'	302	1	0	1	1	14	'O_2'	2	1	0	2	2	0	1	'@'	'@'	'@'	'@'	'@'	40	'@'
10	1800	FFFF	8	3	0	8	'B 20'	'Werkzeugablage 2 (E/A 169-176)'	''	''	''	''	'D:\WINAPPS\IBSCMD\PICTURE\PHOENIX.ICL'	302	1	0	1	1	15	'O_3'	2	1	0	3	2	0	1	'@'	'@'	'@'	'@'	'@'	40	'@'
10	1800	FFFF	8	3	0	8	'B 20'	'Werkzeugablage 2 (E/A 169-176)'	''	''	''	''	'D:\WINAPPS\IBSCMD\PICTURE\PHOENIX.ICL'	302	1	0	1	1	17	'O_4'	2	1	0	4	2	0	1	'@'	'@'	'@'	'@'	'@'	40	'@'
10	1800	FFFF	8	3	0	8	'B 20'	'Werkzeugablage 2 (E/A 169-176)'	''	''	''	''	'D:\WINAPPS\IBSCMD\PICTURE\PHOENIX.ICL'	302	1	0	1	1	18	'O_5'	2	1	0	5	2	0	1	'@'	'@'	'@'	'@'	'@'	40	'@'
10	1800	FFFF	8	3	0	8	'B 20'	'Werkzeugablage 2 (E/A 169-176)'	''	''	''	''	'D:\WINAPPS\IBSCMD\PICTURE\PHOENIX.ICL'	302	1	0	1	1	9	'O_6_Y1V'	2	1	0	6	2	0	1	'24.6'	'@'	'@'	'@'	'@'	40	'@'
10	1800	FFFF	8	3	0	8	'B 20'	'Werkzeugablage 2 (E/A 169-176)'	''	''	''	''	'D:\WINAPPS\IBSCMD\PICTURE\PHOENIX.ICL'	302	1	0	1	1	16	'O_7_Y1R'	2	1	0	7	2	0	1	'24.7'	'@'	'@'	'@'	'@'	40	'@'
10	1800	FFFF	8	3	0	8	'B 20'	'Werkzeugablage 2 (E/A 169-176)'	''	''	''	''	'D:\WINAPPS\IBSCMD\PICTURE\PHOENIX.ICL'	302	1	0	1	1	2	'Ausgang_Byt_10'	2	8	0	0	2	0	1	'@'	'@'	'@'	'@'	'@'	40	'@'
11	2200	FFFF	11	3	0	8	'B 23'	'Werkzeugablage 3 (E/A 177-184)'	''	''	''	''	'D:\WINAPPS\IBSCMD\PICTURE\PHOENIX.ICL'	302	1	0	1	1	3	'I_0_B1T'	1	1	0	0	2	0	1	'SL.A_878'	'@'	'@'	'@'	'@'	40	'@'
11	2200	FFFF	11	3	0	8	'B 23'	'Werkzeugablage 3 (E/A 177-184)'	''	''	''	''	'D:\WINAPPS\IBSCMD\PICTURE\PHOENIX.ICL'	302	1	0	1	1	3	'I_0_B1T'	1	1	0	0	2	0	1	'23.0'	'@'	'@'	'@'	'@'	40	'@'
11	2200	FFFF	11	3	0	8	'B 23'	'Werkzeugablage 3 (E/A 177-184)'	''	''	''	''	'D:\WINAPPS\IBSCMD\PICTURE\PHOENIX.ICL'	302	1	0	1	1	10	'I_1'	1	1	0	1	2	0	1	'@'	'@'	'@'	'@'	'@'	40	'@'
11	2200	FFFF	11	3	0	8	'B 23'	'Werkzeugablage 3 (E/A 177-184)'	''	''	''	''	'D:\WINAPPS\IBSCMD\PICTURE\PHOENIX.ICL'	302	1	0	1	1	4	'I_2'	1	1	0	2	2	0	1	'@'	'@'	'@'	'@'	'@'	40	'@'
11	2200	FFFF	11	3	0	8	'B 23'	'Werkzeugablage 3 (E/A 177-184)'	''	''	''	''	'D:\WINAPPS\IBSCMD\PICTURE\PHOENIX.ICL'	302	1	0	1	1	5	'I_3_'	1	1	0	3	2	0	1	'@'	'@'	'@'	'@'	'@'	40	'@'
11	2200	FFFF	11	3	0	8	'B 23'	'Werkzeugablage 3 (E/A 177-184)'	''	''	''	''	'D:\WINAPPS\IBSCMD\PICTURE\PHOENIX.ICL'	302	1	0	1	1	6	'I_4_B1VEV'	1	1	0	4	2	0	1	'23.4'	'@'	'@'	'@'	'@'	40	'@'
11	2200	FFFF	11	3	0	8	'B 23'	'Werkzeugablage 3 (E/A 177-184)'	''	''	''	''	'D:\WINAPPS\IBSCMD\PICTURE\PHOENIX.ICL'	302	1	0	1	1	7	'I_5_B1VER'	1	1	0	5	2	0	1	'23.5'	'@'	'@'	'@'	'@'	40	'@'
11	2200	FFFF	11	3	0	8	'B 23'	'Werkzeugablage 3 (E/A 177-184)'	''	''	''	''	'D:\WINAPPS\IBSCMD\PICTURE\PHOENIX.ICL'	302	1	0	1	1	11	'I_6'	1	1	0	6	2	0	1	'@'	'@'	'@'	'@'	'@'	40	'@'
11	2200	FFFF	11	3	0	8	'B 23'	'Werkzeugablage 3 (E/A 177-184)'	''	''	''	''	'D:\WINAPPS\IBSCMD\PICTURE\PHOENIX.ICL'	302	1	0	1	1	12	'I_7'	1	1	0	7	2	0	1	'@'	'@'	'@'	'@'	'@'	40	'@'
11	2200	FFFF	11	3	0	8	'B 23'	'Werkzeugablage 3 (E/A 177-184)'	''	''	''	''	'D:\WINAPPS\IBSCMD\PICTURE\PHOENIX.ICL'	302	1	0	1	1	1	'Eingang_Byt_10'	1	8	0	0	2	0	1	'@'	'@'	'@'	'@'	'@'	40	'@'
11	2200	FFFF	11	3	0	8	'B 23'	'Werkzeugablage 3 (E/A 177-184)'	''	''	''	''	'D:\WINAPPS\IBSCMD\PICTURE\PHOENIX.ICL'	302	1	0	1	1	13	'O_0'	2	1	0	0	2	0	1	'@'	'@'	'@'	'@'	'@'	40	'@'
11	2200	FFFF	11	3	0	8	'B 23'	'Werkzeugablage 3 (E/A 177-184)'	''	''	''	''	'D:\WINAPPS\IBSCMD\PICTURE\PHOENIX.ICL'	302	1	0	1	1	8	'O_1'	2	1	0	1	2	0	1	'@'	'@'	'@'	'@'	'@'	40	'@'
11	2200	FFFF	11	3	0	8	'B 23'	'Werkzeugablage 3 (E/A 177-184)'	''	''	''	''	'D:\WINAPPS\IBSCMD\PICTURE\PHOENIX.ICL'	302	1	0	1	1	14	'O_2'	2	1	0	2	2	0	1	'@'	'@'	'@'	'@'	'@'	40	'@'
11	2200	FFFF	11	3	0	8	'B 23'	'Werkzeugablage 3 (E/A 177-184)'	''	''	''	''	'D:\WINAPPS\IBSCMD\PICTURE\PHOENIX.ICL'	302	1	0	1	1	15	'O_3'	2	1	0	3	2	0	1	'@'	'@'	'@'	'@'	'@'	40	'@'
11	2200	FFFF	11	3	0	8	'B 23'	'Werkzeugablage 3 (E/A 177-184)'	''	''	''	''	'D:\WINAPPS\IBSCMD\PICTURE\PHOENIX.ICL'	302	1	0	1	1	17	'O_4'	2	1	0	4	2	0	1	'@'	'@'	'@'	'@'	'@'	40	'@'
11	2200	FFFF	11	3	0	8	'B 23'	'Werkzeugablage 3 (E/A 177-184)'	''	''	''	''	'D:\WINAPPS\IBSCMD\PICTURE\PHOENIX.ICL'	302	1	0	1	1	18	'O_5'	2	1	0	5	2	0	1	'@'	'@'	'@'	'@'	'@'	40	'@'
11	2200	FFFF	11	3	0	8	'B 23'	'Werkzeugablage 3 (E/A 177-184)'	''	''	''	''	'D:\WINAPPS\IBSCMD\PICTURE\PHOENIX.ICL'	302	1	0	1	1	9	'O_6_Y1V'	2	1	0	6	2	0	1	'23.6'	'@'	'@'	'@'	'@'	40	'@'
11	2200	FFFF	11	3	0	8	'B 23'	'Werkzeugablage 3 (E/A 177-184)'	''	''	''	''	'D:\WINAPPS\IBSCMD\PICTURE\PHOENIX.ICL'	302	1	0	1	1	16	'O_7_Y1R'	2	1	0	7	2	0	1	'23.7'	'@'	'@'	'@'	'@'	40	'@'
11	2200	FFFF	11	3	0	8	'B 23'	'Werkzeugablage 3 (E/A 177-184)'	''	''	''	''	'D:\WINAPPS\IBSCMD\PICTURE\PHOENIX.ICL'	302	1	0	1	1	2	'Ausgang_Byt_10'	2	8	0	0	2	0	1	'@'	'@'	'@'	'@'	'@'	40	'@'
12	2C00	FFFF	18	3	0	8	'B 22'	'Werkzeugablage 4 (E/A 185-192)'	''	''	''	''	'D:\WINAPPS\IBSCMD\PICTURE\PHOENIX.ICL'	302	1	0	1	1	3	'I_0_B1T'	1	1	0	0	2	0	1	'22.0'	'@'	'@'	'@'	'@'	40	'@'
12	2C00	FFFF	18	3	0	8	'B 22'	'Werkzeugablage 4 (E/A 185-192)'	''	''	''	''	'D:\WINAPPS\IBSCMD\PICTURE\PHOENIX.ICL'	302	1	0	1	1	10	'I_1'	1	1	0	1	2	0	1	'@'	'@'	'@'	'@'	'@'	40	'@'
12	2C00	FFFF	18	3	0	8	'B 22'	'Werkzeugablage 4 (E/A 185-192)'	''	''	''	''	'D:\WINAPPS\IBSCMD\PICTURE\PHOENIX.ICL'	302	1	0	1	1	4	'I_2'	1	1	0	2	2	0	1	'@'	'@'	'@'	'@'	'@'	40	'@'
12	2C00	FFFF	18	3	0	8	'B 22'	'Werkzeugablage 4 (E/A 185-192)'	''	''	''	''	'D:\WINAPPS\IBSCMD\PICTURE\PHOENIX.ICL'	302	1	0	1	1	5	'I_3_'	1	1	0	3	2	0	1	'@'	'@'	'@'	'@'	'@'	40	'@'
12	2C00	FFFF	18	3	0	8	'B 22'	'Werkzeugablage 4 (E/A 185-192)'	''	''	''	''	'D:\WINAPPS\IBSCMD\PICTURE\PHOENIX.ICL'	302	1	0	1	1	6	'I_4_B1VEV'	1	1	0	4	2	0	1	'22.4'	'@'	'@'	'@'	'@'	40	'@'
12	2C00	FFFF	18	3	0	8	'B 22'	'Werkzeugablage 4 (E/A 185-192)'	''	''	''	''	'D:\WINAPPS\IBSCMD\PICTURE\PHOENIX.ICL'	302	1	0	1	1	7	'I_5_B1VER'	1	1	0	5	2	0	1	'22.5'	'@'	'@'	'@'	'@'	40	'@'
12	2C00	FFFF	18	3	0	8	'B 22'	'Werkzeugablage 4 (E/A 185-192)'	''	''	''	''	'D:\WINAPPS\IBSCMD\PICTURE\PHOENIX.ICL'	302	1	0	1	1	11	'I_6'	1	1	0	6	2	0	1	'@'	'@'	'@'	'@'	'@'	40	'@'
12	2C00	FFFF	18	3	0	8	'B 22'	'Werkzeugablage 4 (E/A 185-192)'	''	''	''	''	'D:\WINAPPS\IBSCMD\PICTURE\PHOENIX.ICL'	302	1	0	1	1	12	'I_7'	1	1	0	7	2	0	1	'@'	'@'	'@'	'@'	'@'	40	'@'
12	2C00	FFFF	18	3	0	8	'B 22'	'Werkzeugablage 4 (E/A 185-192)'	''	''	''	''	'D:\WINAPPS\IBSCMD\PICTURE\PHOENIX.ICL'	302	1	0	1	1	1	'Eingang_Byt_10'	1	8	0	0	2	0	1	'@'	'@'	'@'	'@'	'@'	40	'@'
12	2C00	FFFF	18	3	0	8	'B 22'	'Werkzeugablage 4 (E/A 185-192)'	''	''	''	''	'D:\WINAPPS\IBSCMD\PICTURE\PHOENIX.ICL'	302	1	0	1	1	13	'O_0'	2	1	0	0	2	0	1	'@'	'@'	'@'	'@'	'@'	40	'@'
12	2C00	FFFF	18	3	0	8	'B 22'	'Werkzeugablage 4 (E/A 185-192)'	''	''	''	''	'D:\WINAPPS\IBSCMD\PICTURE\PHOENIX.ICL'	302	1	0	1	1	8	'O_1'	2	1	0	1	2	0	1	'@'	'@'	'@'	'@'	'@'	40	'@'
12	2C00	FFFF	18	3	0	8	'B 22'	'Werkzeugablage 4 (E/A 185-192)'	''	''	''	''	'D:\WINAPPS\IBSCMD\PICTURE\PHOENIX.ICL'	302	1	0	1	1	14	'O_2'	2	1	0	2	2	0	1	'@'	'@'	'@'	'@'	'@'	40	'@'
12	2C00	FFFF	18	3	0	8	'B 22'	'Werkzeugablage 4 (E/A 185-192)'	''	''	''	''	'D:\WINAPPS\IBSCMD\PICTURE\PHOENIX.ICL'	302	1	0	1	1	15	'O_3'	2	1	0	3	2	0	1	'@'	'@'	'@'	'@'	'@'	40	'@'
12	2C00	FFFF	18	3	0	8	'B 22'	'Werkzeugablage 4 (E/A 185-192)'	''	''	''	''	'D:\WINAPPS\IBSCMD\PICTURE\PHOENIX.ICL'	302	1	0	1	1	17	'O_4'	2	1	0	4	2	0	1	'@'	'@'	'@'	'@'	'@'	40	'@'
12	2C00	FFFF	18	3	0	8	'B 22'	'Werkzeugablage 4 (E/A 185-192)'	''	''	''	''	'D:\WINAPPS\IBSCMD\PICTURE\PHOENIX.ICL'	302	1	0	1	1	18	'O_5'	2	1	0	5	2	0	1	'@'	'@'	'@'	'@'	'@'	40	'@'
12	2C00	FFFF	18	3	0	8	'B 22'	'Werkzeugablage 4 (E/A 185-192)'	''	''	''	''	'D:\WINAPPS\IBSCMD\PICTURE\PHOENIX.ICL'	302	1	0	1	1	9	'O_6_Y1V'	2	1	0	6	2	0	1	'22.6'	'@'	'@'	'@'	'@'	40	'@'
12	2C00	FFFF	18	3	0	8	'B 22'	'Werkzeugablage 4 (E/A 185-192)'	''	''	''	''	'D:\WINAPPS\IBSCMD\PICTURE\PHOENIX.ICL'	302	1	0	1	1	16	'O_7_Y1R'	2	1	0	7	2	0	1	'22.7'	'@'	'@'	'@'	'@'	40	'@'
12	2C00	FFFF	18	3	0	8	'B 22'	'Werkzeugablage 4 (E/A 185-192)'	''	''	''	''	'D:\WINAPPS\IBSCMD\PICTURE\PHOENIX.ICL'	302	1	0	1	1	2	'Ausgang_Byt_10'	2	8	0	0	2	0	1	'@'	'@'	'@'	'@'	'@'	40	'@'
13	3600	FFFF	19	3	0	8	'B 25'	'Werkzeugablage 5 (E/A 193-200)'	''	''	''	''	'D:\WINAPPS\IBSCMD\PICTURE\PHOENIX.ICL'	302	1	0	1	1	3	'I_0_B1T'	1	1	0	0	2	0	1	'25.0'	'@'	'@'	'@'	'@'	40	'@'
13	3600	FFFF	19	3	0	8	'B 25'	'Werkzeugablage 5 (E/A 193-200)'	''	''	''	''	'D:\WINAPPS\IBSCMD\PICTURE\PHOENIX.ICL'	302	1	0	1	1	10	'I_1'	1	1	0	1	2	0	1	'@'	'@'	'@'	'@'	'@'	40	'@'
13	3600	FFFF	19	3	0	8	'B 25'	'Werkzeugablage 5 (E/A 193-200)'	''	''	''	''	'D:\WINAPPS\IBSCMD\PICTURE\PHOENIX.ICL'	302	1	0	1	1	4	'I_2'	1	1	0	2	2	0	1	'@'	'@'	'@'	'@'	'@'	40	'@'
13	3600	FFFF	19	3	0	8	'B 25'	'Werkzeugablage 5 (E/A 193-200)'	''	''	''	''	'D:\WINAPPS\IBSCMD\PICTURE\PHOENIX.ICL'	302	1	0	1	1	5	'I_3_'	1	1	0	3	2	0	1	'@'	'@'	'@'	'@'	'@'	40	'@'
13	3600	FFFF	19	3	0	8	'B 25'	'Werkzeugablage 5 (E/A 193-200)'	''	''	''	''	'D:\WINAPPS\IBSCMD\PICTURE\PHOENIX.ICL'	302	1	0	1	1	6	'I_4_B1VEV'	1	1	0	4	2	0	1	'25.4'	'@'	'@'	'@'	'@'	40	'@'
13	3600	FFFF	19	3	0	8	'B 25'	'Werkzeugablage 5 (E/A 193-200)'	''	''	''	''	'D:\WINAPPS\IBSCMD\PICTURE\PHOENIX.ICL'	302	1	0	1	1	7	'I_5_B1VER'	1	1	0	5	2	0	1	'25.5'	'@'	'@'	'@'	'@'	40	'@'
13	3600	FFFF	19	3	0	8	'B 25'	'Werkzeugablage 5 (E/A 193-200)'	''	''	''	''	'D:\WINAPPS\IBSCMD\PICTURE\PHOENIX.ICL'	302	1	0	1	1	11	'I_6'	1	1	0	6	2	0	1	'@'	'@'	'@'	'@'	'@'	40	'@'
13	3600	FFFF	19	3	0	8	'B 25'	'Werkzeugablage 5 (E/A 193-200)'	''	''	''	''	'D:\WINAPPS\IBSCMD\PICTURE\PHOENIX.ICL'	302	1	0	1	1	12	'I_7'	1	1	0	7	2	0	1	'@'	'@'	'@'	'@'	'@'	40	'@'
13	3600	FFFF	19	3	0	8	'B 25'	'Werkzeugablage 5 (E/A 193-200)'	''	''	''	''	'D:\WINAPPS\IBSCMD\PICTURE\PHOENIX.ICL'	302	1	0	1	1	1	'Eingang_Byt_10'	1	8	0	0	2	0	1	'@'	'@'	'@'	'@'	'@'	40	'@'
13	3600	FFFF	19	3	0	8	'B 25'	'Werkzeugablage 5 (E/A 193-200)'	''	''	''	''	'D:\WINAPPS\IBSCMD\PICTURE\PHOENIX.ICL'	302	1	0	1	1	13	'O_0'	2	1	0	0	2	0	1	'@'	'@'	'@'	'@'	'@'	40	'@'
13	3600	FFFF	19	3	0	8	'B 25'	'Werkzeugablage 5 (E/A 193-200)'	''	''	''	''	'D:\WINAPPS\IBSCMD\PICTURE\PHOENIX.ICL'	302	1	0	1	1	8	'O_1'	2	1	0	1	2	0	1	'@'	'@'	'@'	'@'	'@'	40	'@'
13	3600	FFFF	19	3	0	8	'B 25'	'Werkzeugablage 5 (E/A 193-200)'	''	''	''	''	'D:\WINAPPS\IBSCMD\PICTURE\PHOENIX.ICL'	302	1	0	1	1	14	'O_2'	2	1	0	2	2	0	1	'@'	'@'	'@'	'@'	'@'	40	'@'
13	3600	FFFF	19	3	0	8	'B 25'	'Werkzeugablage 5 (E/A 193-200)'	''	''	''	''	'D:\WINAPPS\IBSCMD\PICTURE\PHOENIX.ICL'	302	1	0	1	1	15	'O_3'	2	1	0	3	2	0	1	'@'	'@'	'@'	'@'	'@'	40	'@'
13	3600	FFFF	19	3	0	8	'B 25'	'Werkzeugablage 5 (E/A 193-200)'	''	''	''	''	'D:\WINAPPS\IBSCMD\PICTURE\PHOENIX.ICL'	302	1	0	1	1	17	'O_4'	2	1	0	4	2	0	1	'@'	'@'	'@'	'@'	'@'	40	'@'
13	3600	FFFF	19	3	0	8	'B 25'	'Werkzeugablage 5 (E/A 193-200)'	''	''	''	''	'D:\WINAPPS\IBSCMD\PICTURE\PHOENIX.ICL'	302	1	0	1	1	18	'O_5'	2	1	0	5	2	0	1	'@'	'@'	'@'	'@'	'@'	40	'@'
13	3600	FFFF	19	3	0	8	'B 25'	'Werkzeugablage 5 (E/A 193-200)'	''	''	''	''	'D:\WINAPPS\IBSCMD\PICTURE\PHOENIX.ICL'	302	1	0	1	1	9	'O_6_Y1V'	2	1	0	6	2	0	1	'25.6'	'@'	'@'	'@'	'@'	40	'@'
13	3600	FFFF	19	3	0	8	'B 25'	'Werkzeugablage 5 (E/A 193-200)'	''	''	''	''	'D:\WINAPPS\IBSCMD\PICTURE\PHOENIX.ICL'	302	1	0	1	1	16	'O_7_Y1R'	2	1	0	7	2	0	1	'25.7'	'@'	'@'	'@'	'@'	40	'@'
13	3600	FFFF	19	3	0	8	'B 25'	'Werkzeugablage 5 (E/A 193-200)'	''	''	''	''	'D:\WINAPPS\IBSCMD\PICTURE\PHOENIX.ICL'	302	1	0	1	1	2	'Ausgang_Byt_10'	2	8	0	0	2	0	1	'@'	'@'	'@'	'@'	'@'	40	'@'
14	4000	FFFF	16	3	0	8	'B 24'	'Werkzeugablage 6 (E/A 201-208)'	''	''	''	''	'D:\WINAPPS\IBSCMD\PICTURE\PHOENIX.ICL'	302	1	0	1	1	3	'I_0_B1T'	1	1	0	0	2	0	1	'73.0'	'@'	'@'	'@'	'@'	40	'@'
14	4000	FFFF	16	3	0	8	'B 24'	'Werkzeugablage 6 (E/A 201-208)'	''	''	''	''	'D:\WINAPPS\IBSCMD\PICTURE\PHOENIX.ICL'	302	1	0	1	1	10	'I_1'	1	1	0	1	2	0	1	'@'	'@'	'@'	'@'	'@'	40	'@'
14	4000	FFFF	16	3	0	8	'B 24'	'Werkzeugablage 6 (E/A 201-208)'	''	''	''	''	'D:\WINAPPS\IBSCMD\PICTURE\PHOENIX.ICL'	302	1	0	1	1	4	'I_2'	1	1	0	2	2	0	1	'@'	'@'	'@'	'@'	'@'	40	'@'
14	4000	FFFF	16	3	0	8	'B 24'	'Werkzeugablage 6 (E/A 201-208)'	''	''	''	''	'D:\WINAPPS\IBSCMD\PICTURE\PHOENIX.ICL'	302	1	0	1	1	5	'I_3_'	1	1	0	3	2	0	1	'@'	'@'	'@'	'@'	'@'	40	'@'
14	4000	FFFF	16	3	0	8	'B 24'	'Werkzeugablage 6 (E/A 201-208)'	''	''	''	''	'D:\WINAPPS\IBSCMD\PICTURE\PHOENIX.ICL'	302	1	0	1	1	6	'I_4_B1VEV'	1	1	0	4	2	0	1	'73.4'	'@'	'@'	'@'	'@'	40	'@'
14	4000	FFFF	16	3	0	8	'B 24'	'Werkzeugablage 6 (E/A 201-208)'	''	''	''	''	'D:\WINAPPS\IBSCMD\PICTURE\PHOENIX.ICL'	302	1	0	1	1	7	'I_5_B1VER'	1	1	0	5	2	0	1	'73.5'	'@'	'@'	'@'	'@'	40	'@'
14	4000	FFFF	16	3	0	8	'B 24'	'Werkzeugablage 6 (E/A 201-208)'	''	''	''	''	'D:\WINAPPS\IBSCMD\PICTURE\PHOENIX.ICL'	302	1	0	1	1	11	'I_6'	1	1	0	6	2	0	1	'@'	'@'	'@'	'@'	'@'	40	'@'
14	4000	FFFF	16	3	0	8	'B 24'	'Werkzeugablage 6 (E/A 201-208)'	''	''	''	''	'D:\WINAPPS\IBSCMD\PICTURE\PHOENIX.ICL'	302	1	0	1	1	12	'I_7'	1	1	0	7	2	0	1	'@'	'@'	'@'	'@'	'@'	40	'@'
14	4000	FFFF	16	3	0	8	'B 24'	'Werkzeugablage 6 (E/A 201-208)'	''	''	''	''	'D:\WINAPPS\IBSCMD\PICTURE\PHOENIX.ICL'	302	1	0	1	1	1	'Eingang_Byt_10'	1	8	0	0	2	0	1	'@'	'@'	'@'	'@'	'@'	40	'@'
14	4000	FFFF	16	3	0	8	'B 24'	'Werkzeugablage 6 (E/A 201-208)'	''	''	''	''	'D:\WINAPPS\IBSCMD\PICTURE\PHOENIX.ICL'	302	1	0	1	1	13	'O_0'	2	1	0	0	2	0	1	'@'	'@'	'@'	'@'	'@'	40	'@'
14	4000	FFFF	16	3	0	8	'B 24'	'Werkzeugablage 6 (E/A 201-208)'	''	''	''	''	'D:\WINAPPS\IBSCMD\PICTURE\PHOENIX.ICL'	302	1	0	1	1	8	'O_1'	2	1	0	1	2	0	1	'@'	'@'	'@'	'@'	'@'	40	'@'
14	4000	FFFF	16	3	0	8	'B 24'	'Werkzeugablage 6 (E/A 201-208)'	''	''	''	''	'D:\WINAPPS\IBSCMD\PICTURE\PHOENIX.ICL'	302	1	0	1	1	14	'O_2'	2	1	0	2	2	0	1	'@'	'@'	'@'	'@'	'@'	40	'@'
14	4000	FFFF	16	3	0	8	'B 24'	'Werkzeugablage 6 (E/A 201-208)'	''	''	''	''	'D:\WINAPPS\IBSCMD\PICTURE\PHOENIX.ICL'	302	1	0	1	1	15	'O_3'	2	1	0	3	2	0	1	'@'	'@'	'@'	'@'	'@'	40	'@'
14	4000	FFFF	16	3	0	8	'B 24'	'Werkzeugablage 6 (E/A 201-208)'	''	''	''	''	'D:\WINAPPS\IBSCMD\PICTURE\PHOENIX.ICL'	302	1	0	1	1	17	'O_4'	2	1	0	4	2	0	1	'@'	'@'	'@'	'@'	'@'	40	'@'
14	4000	FFFF	16	3	0	8	'B 24'	'Werkzeugablage 6 (E/A 201-208)'	''	''	''	''	'D:\WINAPPS\IBSCMD\PICTURE\PHOENIX.ICL'	302	1	0	1	1	18	'O_5'	2	1	0	5	2	0	1	'@'	'@'	'@'	'@'	'@'	40	'@'
14	4000	FFFF	16	3	0	8	'B 24'	'Werkzeugablage 6 (E/A 201-208)'	''	''	''	''	'D:\WINAPPS\IBSCMD\PICTURE\PHOENIX.ICL'	302	1	0	1	1	9	'O_6_Y1V'	2	1	0	6	2	0	1	'73.6'	'@'	'@'	'@'	'@'	40	'@'
14	4000	FFFF	16	3	0	8	'B 24'	'Werkzeugablage 6 (E/A 201-208)'	''	''	''	''	'D:\WINAPPS\IBSCMD\PICTURE\PHOENIX.ICL'	302	1	0	1	1	16	'O_7_Y1R'	2	1	0	7	2	0	1	'73.7'	'@'	'@'	'@'	'@'	40	'@'
14	4000	FFFF	16	3	0	8	'B 24'	'Werkzeugablage 6 (E/A 201-208)'	''	''	''	''	'D:\WINAPPS\IBSCMD\PICTURE\PHOENIX.ICL'	302	1	0	1	1	2	'Ausgang_Byt_10'	2	8	0	0	2	0	1	'@'	'@'	'@'	'@'	'@'	40	'@'
15	4A00	FFFF	28	3	0	8	'B 27'	'Werkzeugablage 7 (E/A 209-216)'	''	''	''	''	'D:\WINAPPS\IBSCMD\PICTURE\PHOENIX.ICL'	302	1	0	1	1	3	'I_0_B1T'	1	1	0	0	2	0	1	'27.0'	'@'	'@'	'@'	'@'	40	'@'
15	4A00	FFFF	28	3	0	8	'B 27'	'Werkzeugablage 7 (E/A 209-216)'	''	''	''	''	'D:\WINAPPS\IBSCMD\PICTURE\PHOENIX.ICL'	302	1	0	1	1	10	'I_1'	1	1	0	1	2	0	1	'@'	'@'	'@'	'@'	'@'	40	'@'
15	4A00	FFFF	28	3	0	8	'B 27'	'Werkzeugablage 7 (E/A 209-216)'	''	''	''	''	'D:\WINAPPS\IBSCMD\PICTURE\PHOENIX.ICL'	302	1	0	1	1	4	'I_2'	1	1	0	2	2	0	1	'@'	'@'	'@'	'@'	'@'	40	'@'
15	4A00	FFFF	28	3	0	8	'B 27'	'Werkzeugablage 7 (E/A 209-216)'	''	''	''	''	'D:\WINAPPS\IBSCMD\PICTURE\PHOENIX.ICL'	302	1	0	1	1	5	'I_3_'	1	1	0	3	2	0	1	'@'	'@'	'@'	'@'	'@'	40	'@'
15	4A00	FFFF	28	3	0	8	'B 27'	'Werkzeugablage 7 (E/A 209-216)'	''	''	''	''	'D:\WINAPPS\IBSCMD\PICTURE\PHOENIX.ICL'	302	1	0	1	1	6	'I_4_B1VEV'	1	1	0	4	2	0	1	'27.4'	'@'	'@'	'@'	'@'	40	'@'
15	4A00	FFFF	28	3	0	8	'B 27'	'Werkzeugablage 7 (E/A 209-216)'	''	''	''	''	'D:\WINAPPS\IBSCMD\PICTURE\PHOENIX.ICL'	302	1	0	1	1	7	'I_5_B1VER'	1	1	0	5	2	0	1	'27.5'	'@'	'@'	'@'	'@'	40	'@'
15	4A00	FFFF	28	3	0	8	'B 27'	'Werkzeugablage 7 (E/A 209-216)'	''	''	''	''	'D:\WINAPPS\IBSCMD\PICTURE\PHOENIX.ICL'	302	1	0	1	1	11	'I_6'	1	1	0	6	2	0	1	'@'	'@'	'@'	'@'	'@'	40	'@'
15	4A00	FFFF	28	3	0	8	'B 27'	'Werkzeugablage 7 (E/A 209-216)'	''	''	''	''	'D:\WINAPPS\IBSCMD\PICTURE\PHOENIX.ICL'	302	1	0	1	1	12	'I_7'	1	1	0	7	2	0	1	'@'	'@'	'@'	'@'	'@'	40	'@'
15	4A00	FFFF	28	3	0	8	'B 27'	'Werkzeugablage 7 (E/A 209-216)'	''	''	''	''	'D:\WINAPPS\IBSCMD\PICTURE\PHOENIX.ICL'	302	1	0	1	1	1	'Eingang_Byt_10'	1	8	0	0	2	0	1	'@'	'@'	'@'	'@'	'@'	40	'@'
15	4A00	FFFF	28	3	0	8	'B 27'	'Werkzeugablage 7 (E/A 209-216)'	''	''	''	''	'D:\WINAPPS\IBSCMD\PICTURE\PHOENIX.ICL'	302	1	0	1	1	13	'O_0'	2	1	0	0	2	0	1	'@'	'@'	'@'	'@'	'@'	40	'@'
15	4A00	FFFF	28	3	0	8	'B 27'	'Werkzeugablage 7 (E/A 209-216)'	''	''	''	''	'D:\WINAPPS\IBSCMD\PICTURE\PHOENIX.ICL'	302	1	0	1	1	8	'O_1'	2	1	0	1	2	0	1	'@'	'@'	'@'	'@'	'@'	40	'@'
15	4A00	FFFF	28	3	0	8	'B 27'	'Werkzeugablage 7 (E/A 209-216)'	''	''	''	''	'D:\WINAPPS\IBSCMD\PICTURE\PHOENIX.ICL'	302	1	0	1	1	14	'O_2'	2	1	0	2	2	0	1	'@'	'@'	'@'	'@'	'@'	40	'@'
15	4A00	FFFF	28	3	0	8	'B 27'	'Werkzeugablage 7 (E/A 209-216)'	''	''	''	''	'D:\WINAPPS\IBSCMD\PICTURE\PHOENIX.ICL'	302	1	0	1	1	15	'O_3'	2	1	0	3	2	0	1	'@'	'@'	'@'	'@'	'@'	40	'@'
15	4A00	FFFF	28	3	0	8	'B 27'	'Werkzeugablage 7 (E/A 209-216)'	''	''	''	''	'D:\WINAPPS\IBSCMD\PICTURE\PHOENIX.ICL'	302	1	0	1	1	17	'O_4'	2	1	0	4	2	0	1	'@'	'@'	'@'	'@'	'@'	40	'@'
15	4A00	FFFF	28	3	0	8	'B 27'	'Werkzeugablage 7 (E/A 209-216)'	''	''	''	''	'D:\WINAPPS\IBSCMD\PICTURE\PHOENIX.ICL'	302	1	0	1	1	18	'O_5'	2	1	0	5	2	0	1	'@'	'@'	'@'	'@'	'@'	40	'@'
15	4A00	FFFF	28	3	0	8	'B 27'	'Werkzeugablage 7 (E/A 209-216)'	''	''	''	''	'D:\WINAPPS\IBSCMD\PICTURE\PHOENIX.ICL'	302	1	0	1	1	9	'O_6_Y1V'	2	1	0	6	2	0	1	'27.6'	'@'	'@'	'@'	'@'	40	'@'
15	4A00	FFFF	28	3	0	8	'B 27'	'Werkzeugablage 7 (E/A 209-216)'	''	''	''	''	'D:\WINAPPS\IBSCMD\PICTURE\PHOENIX.ICL'	302	1	0	1	1	16	'O_7_Y1R'	2	1	0	7	2	0	1	'27.7'	'@'	'@'	'@'	'@'	40	'@'
15	4A00	FFFF	28	3	0	8	'B 27'	'Werkzeugablage 7 (E/A 209-216)'	''	''	''	''	'D:\WINAPPS\IBSCMD\PICTURE\PHOENIX.ICL'	302	1	0	1	1	2	'Ausgang_Byt_10'	2	8	0	0	2	0	1	'@'	'@'	'@'	'@'	'@'	40	'@'
16	5400	FFFF	20	3	0	8	'B 28'	'Werkzeugablage 8 (E/A 593-600)'	''	''	''	''	'D:\WINAPPS\IBSCMD\PICTURE\PHOENIX.ICL'	302	1	0	1	1	3	'I_0_B1T'	1	1	0	0	2	0	1	'74.0'	'@'	'@'	'@'	'@'	40	'@'
16	5400	FFFF	20	3	0	8	'B 28'	'Werkzeugablage 8 (E/A 593-600)'	''	''	''	''	'D:\WINAPPS\IBSCMD\PICTURE\PHOENIX.ICL'	302	1	0	1	1	10	'I_1'	1	1	0	1	2	0	1	'@'	'@'	'@'	'@'	'@'	40	'@'
16	5400	FFFF	20	3	0	8	'B 28'	'Werkzeugablage 8 (E/A 593-600)'	''	''	''	''	'D:\WINAPPS\IBSCMD\PICTURE\PHOENIX.ICL'	302	1	0	1	1	4	'I_2'	1	1	0	2	2	0	1	'@'	'@'	'@'	'@'	'@'	40	'@'
16	5400	FFFF	20	3	0	8	'B 28'	'Werkzeugablage 8 (E/A 593-600)'	''	''	''	''	'D:\WINAPPS\IBSCMD\PICTURE\PHOENIX.ICL'	302	1	0	1	1	5	'I_3_'	1	1	0	3	2	0	1	'@'	'@'	'@'	'@'	'@'	40	'@'
16	5400	FFFF	20	3	0	8	'B 28'	'Werkzeugablage 8 (E/A 593-600)'	''	''	''	''	'D:\WINAPPS\IBSCMD\PICTURE\PHOENIX.ICL'	302	1	0	1	1	6	'I_4_B1VEV'	1	1	0	4	2	0	1	'74.4'	'@'	'@'	'@'	'@'	40	'@'
16	5400	FFFF	20	3	0	8	'B 28'	'Werkzeugablage 8 (E/A 593-600)'	''	''	''	''	'D:\WINAPPS\IBSCMD\PICTURE\PHOENIX.ICL'	302	1	0	1	1	7	'I_5_B1VER'	1	1	0	5	2	0	1	'74.5'	'@'	'@'	'@'	'@'	40	'@'
16	5400	FFFF	20	3	0	8	'B 28'	'Werkzeugablage 8 (E/A 593-600)'	''	''	''	''	'D:\WINAPPS\IBSCMD\PICTURE\PHOENIX.ICL'	302	1	0	1	1	11	'I_6'	1	1	0	6	2	0	1	'@'	'@'	'@'	'@'	'@'	40	'@'
16	5400	FFFF	20	3	0	8	'B 28'	'Werkzeugablage 8 (E/A 593-600)'	''	''	''	''	'D:\WINAPPS\IBSCMD\PICTURE\PHOENIX.ICL'	302	1	0	1	1	12	'I_7'	1	1	0	7	2	0	1	'@'	'@'	'@'	'@'	'@'	40	'@'
16	5400	FFFF	20	3	0	8	'B 28'	'Werkzeugablage 8 (E/A 593-600)'	''	''	''	''	'D:\WINAPPS\IBSCMD\PICTURE\PHOENIX.ICL'	302	1	0	1	1	1	'Eingang_Byt_10'	1	8	0	0	2	0	1	'@'	'@'	'@'	'@'	'@'	40	'@'
16	5400	FFFF	20	3	0	8	'B 28'	'Werkzeugablage 8 (E/A 593-600)'	''	''	''	''	'D:\WINAPPS\IBSCMD\PICTURE\PHOENIX.ICL'	302	1	0	1	1	13	'O_0'	2	1	0	0	2	0	1	'@'	'@'	'@'	'@'	'@'	40	'@'
16	5400	FFFF	20	3	0	8	'B 28'	'Werkzeugablage 8 (E/A 593-600)'	''	''	''	''	'D:\WINAPPS\IBSCMD\PICTURE\PHOENIX.ICL'	302	1	0	1	1	8	'O_1'	2	1	0	1	2	0	1	'@'	'@'	'@'	'@'	'@'	40	'@'
16	5400	FFFF	20	3	0	8	'B 28'	'Werkzeugablage 8 (E/A 593-600)'	''	''	''	''	'D:\WINAPPS\IBSCMD\PICTURE\PHOENIX.ICL'	302	1	0	1	1	14	'O_2'	2	1	0	2	2	0	1	'@'	'@'	'@'	'@'	'@'	40	'@'
16	5400	FFFF	20	3	0	8	'B 28'	'Werkzeugablage 8 (E/A 593-600)'	''	''	''	''	'D:\WINAPPS\IBSCMD\PICTURE\PHOENIX.ICL'	302	1	0	1	1	15	'O_3'	2	1	0	3	2	0	1	'@'	'@'	'@'	'@'	'@'	40	'@'
16	5400	FFFF	20	3	0	8	'B 28'	'Werkzeugablage 8 (E/A 593-600)'	''	''	''	''	'D:\WINAPPS\IBSCMD\PICTURE\PHOENIX.ICL'	302	1	0	1	1	17	'O_4'	2	1	0	4	2	0	1	'@'	'@'	'@'	'@'	'@'	40	'@'
16	5400	FFFF	20	3	0	8	'B 28'	'Werkzeugablage 8 (E/A 593-600)'	''	''	''	''	'D:\WINAPPS\IBSCMD\PICTURE\PHOENIX.ICL'	302	1	0	1	1	18	'O_5'	2	1	0	5	2	0	1	'@'	'@'	'@'	'@'	'@'	40	'@'
16	5400	FFFF	20	3	0	8	'B 28'	'Werkzeugablage 8 (E/A 593-600)'	''	''	''	''	'D:\WINAPPS\IBSCMD\PICTURE\PHOENIX.ICL'	302	1	0	1	1	9	'O_6_Y1V'	2	1	0	6	2	0	1	'74.6'	'@'	'@'	'@'	'@'	40	'@'
16	5400	FFFF	20	3	0	8	'B 28'	'Werkzeugablage 8 (E/A 593-600)'	''	''	''	''	'D:\WINAPPS\IBSCMD\PICTURE\PHOENIX.ICL'	302	1	0	1	1	16	'O_7_Y1R'	2	1	0	7	2	0	1	'74.7'	'@'	'@'	'@'	'@'	40	'@'
16	5400	FFFF	20	3	0	8	'B 28'	'Werkzeugablage 8 (E/A 593-600)'	''	''	''	''	'D:\WINAPPS\IBSCMD\PICTURE\PHOENIX.ICL'	302	1	0	1	1	2	'Ausgang_Byt_10'	2	8	0	0	2	0	1	'@'	'@'	'@'	'@'	'@'	40	'@'
17	5E00	FFFF	21	3	0	8	'B 29'	'Werkzeugablage 9 (E/A 601-608)'	''	''	''	''	'D:\WINAPPS\IBSCMD\PICTURE\PHOENIX.ICL'	302	1	0	1	1	3	'I_0_B1T'	1	1	0	0	2	0	1	'75.0'	'@'	'@'	'@'	'@'	40	'@'
17	5E00	FFFF	21	3	0	8	'B 29'	'Werkzeugablage 9 (E/A 601-608)'	''	''	''	''	'D:\WINAPPS\IBSCMD\PICTURE\PHOENIX.ICL'	302	1	0	1	1	10	'I_1'	1	1	0	1	2	0	1	'@'	'@'	'@'	'@'	'@'	40	'@'
17	5E00	FFFF	21	3	0	8	'B 29'	'Werkzeugablage 9 (E/A 601-608)'	''	''	''	''	'D:\WINAPPS\IBSCMD\PICTURE\PHOENIX.ICL'	302	1	0	1	1	4	'I_2'	1	1	0	2	2	0	1	'@'	'@'	'@'	'@'	'@'	40	'@'
17	5E00	FFFF	21	3	0	8	'B 29'	'Werkzeugablage 9 (E/A 601-608)'	''	''	''	''	'D:\WINAPPS\IBSCMD\PICTURE\PHOENIX.ICL'	302	1	0	1	1	5	'I_3_'	1	1	0	3	2	0	1	'@'	'@'	'@'	'@'	'@'	40	'@'
17	5E00	FFFF	21	3	0	8	'B 29'	'Werkzeugablage 9 (E/A 601-608)'	''	''	''	''	'D:\WINAPPS\IBSCMD\PICTURE\PHOENIX.ICL'	302	1	0	1	1	6	'I_4_B1VEV'	1	1	0	4	2	0	1	'75.4'	'@'	'@'	'@'	'@'	40	'@'
17	5E00	FFFF	21	3	0	8	'B 29'	'Werkzeugablage 9 (E/A 601-608)'	''	''	''	''	'D:\WINAPPS\IBSCMD\PICTURE\PHOENIX.ICL'	302	1	0	1	1	7	'I_5_B1VER'	1	1	0	5	2	0	1	'75.5'	'@'	'@'	'@'	'@'	40	'@'
17	5E00	FFFF	21	3	0	8	'B 29'	'Werkzeugablage 9 (E/A 601-608)'	''	''	''	''	'D:\WINAPPS\IBSCMD\PICTURE\PHOENIX.ICL'	302	1	0	1	1	11	'I_6'	1	1	0	6	2	0	1	'@'	'@'	'@'	'@'	'@'	40	'@'
17	5E00	FFFF	21	3	0	8	'B 29'	'Werkzeugablage 9 (E/A 601-608)'	''	''	''	''	'D:\WINAPPS\IBSCMD\PICTURE\PHOENIX.ICL'	302	1	0	1	1	12	'I_7'	1	1	0	7	2	0	1	'@'	'@'	'@'	'@'	'@'	40	'@'
17	5E00	FFFF	21	3	0	8	'B 29'	'Werkzeugablage 9 (E/A 601-608)'	''	''	''	''	'D:\WINAPPS\IBSCMD\PICTURE\PHOENIX.ICL'	302	1	0	1	1	1	'Eingang_Byt_10'	1	8	0	0	2	0	1	'@'	'@'	'@'	'@'	'@'	40	'@'
17	5E00	FFFF	21	3	0	8	'B 29'	'Werkzeugablage 9 (E/A 601-608)'	''	''	''	''	'D:\WINAPPS\IBSCMD\PICTURE\PHOENIX.ICL'	302	1	0	1	1	13	'O_0'	2	1	0	0	2	0	1	'@'	'@'	'@'	'@'	'@'	40	'@'
17	5E00	FFFF	21	3	0	8	'B 29'	'Werkzeugablage 9 (E/A 601-608)'	''	''	''	''	'D:\WINAPPS\IBSCMD\PICTURE\PHOENIX.ICL'	302	1	0	1	1	8	'O_1'	2	1	0	1	2	0	1	'@'	'@'	'@'	'@'	'@'	40	'@'
17	5E00	FFFF	21	3	0	8	'B 29'	'Werkzeugablage 9 (E/A 601-608)'	''	''	''	''	'D:\WINAPPS\IBSCMD\PICTURE\PHOENIX.ICL'	302	1	0	1	1	14	'O_2'	2	1	0	2	2	0	1	'@'	'@'	'@'	'@'	'@'	40	'@'
17	5E00	FFFF	21	3	0	8	'B 29'	'Werkzeugablage 9 (E/A 601-608)'	''	''	''	''	'D:\WINAPPS\IBSCMD\PICTURE\PHOENIX.ICL'	302	1	0	1	1	15	'O_3'	2	1	0	3	2	0	1	'@'	'@'	'@'	'@'	'@'	40	'@'
17	5E00	FFFF	21	3	0	8	'B 29'	'Werkzeugablage 9 (E/A 601-608)'	''	''	''	''	'D:\WINAPPS\IBSCMD\PICTURE\PHOENIX.ICL'	302	1	0	1	1	17	'O_4'	2	1	0	4	2	0	1	'@'	'@'	'@'	'@'	'@'	40	'@'
17	5E00	FFFF	21	3	0	8	'B 29'	'Werkzeugablage 9 (E/A 601-608)'	''	''	''	''	'D:\WINAPPS\IBSCMD\PICTURE\PHOENIX.ICL'	302	1	0	1	1	18	'O_5'	2	1	0	5	2	0	1	'@'	'@'	'@'	'@'	'@'	40	'@'
17	5E00	FFFF	21	3	0	8	'B 29'	'Werkzeugablage 9 (E/A 601-608)'	''	''	''	''	'D:\WINAPPS\IBSCMD\PICTURE\PHOENIX.ICL'	302	1	0	1	1	9	'O_6_Y1V'	2	1	0	6	2	0	1	'75.6'	'@'	'@'	'@'	'@'	40	'@'
17	5E00	FFFF	21	3	0	8	'B 29'	'Werkzeugablage 9 (E/A 601-608)'	''	''	''	''	'D:\WINAPPS\IBSCMD\PICTURE\PHOENIX.ICL'	302	1	0	1	1	16	'O_7_Y1R'	2	1	0	7	2	0	1	'75.7'	'@'	'@'	'@'	'@'	40	'@'
17	5E00	FFFF	21	3	0	8	'B 29'	'Werkzeugablage 9 (E/A 601-608)'	''	''	''	''	'D:\WINAPPS\IBSCMD\PICTURE\PHOENIX.ICL'	302	1	0	1	1	2	'Ausgang_Byt_10'	2	8	0	0	2	0	1	'@'	'@'	'@'	'@'	'@'	40	'@'
18	1000	FFFF	13	3	0	8	'B 15'	'Hip/Dress1 (E/A 113-120)'	''	''	''	''	'D:\WINAPPS\IBSCMD\PICTURE\PHOENIX.ICL'	302	1	0	1	1	3	'I_0_B1T'	1	1	0	0	2	0	1	'@'	'@'	'@'	'@'	'@'	40	'@'
18	1000	FFFF	13	3	0	8	'B 15'	'Hip/Dress1 (E/A 113-120)'	''	''	''	''	'D:\WINAPPS\IBSCMD\PICTURE\PHOENIX.ICL'	302	1	0	1	1	10	'I_1'	1	1	0	1	2	0	1	'@'	'@'	'@'	'@'	'@'	40	'@'
18	1000	FFFF	13	3	0	8	'B 15'	'Hip/Dress1 (E/A 113-120)'	''	''	''	''	'D:\WINAPPS\IBSCMD\PICTURE\PHOENIX.ICL'	302	1	0	1	1	4	'I_2'	1	1	0	2	2	0	1	'@'	'@'	'@'	'@'	'@'	40	'@'
18	1000	FFFF	13	3	0	8	'B 15'	'Hip/Dress1 (E/A 113-120)'	''	''	''	''	'D:\WINAPPS\IBSCMD\PICTURE\PHOENIX.ICL'	302	1	0	1	1	5	'I_3_B46YM2'	1	1	0	3	2	0	1	'15.3'	'@'	'@'	'@'	'@'	40	'@'
18	1000	FFFF	13	3	0	8	'B 15'	'Hip/Dress1 (E/A 113-120)'	''	''	''	''	'D:\WINAPPS\IBSCMD\PICTURE\PHOENIX.ICL'	302	1	0	1	1	6	'I_4_'	1	1	0	4	2	0	1	'@'	'@'	'@'	'@'	'@'	40	'@'
18	1000	FFFF	13	3	0	8	'B 15'	'Hip/Dress1 (E/A 113-120)'	''	''	''	''	'D:\WINAPPS\IBSCMD\PICTURE\PHOENIX.ICL'	302	1	0	1	1	7	'I_5_B45YEV'	1	1	0	5	2	0	1	'15.5'	'@'	'@'	'@'	'@'	40	'@'
18	1000	FFFF	13	3	0	8	'B 15'	'Hip/Dress1 (E/A 113-120)'	''	''	''	''	'D:\WINAPPS\IBSCMD\PICTURE\PHOENIX.ICL'	302	1	0	1	1	11	'I_6'	1	1	0	6	2	0	1	'@'	'@'	'@'	'@'	'@'	40	'@'
18	1000	FFFF	13	3	0	8	'B 15'	'Hip/Dress1 (E/A 113-120)'	''	''	''	''	'D:\WINAPPS\IBSCMD\PICTURE\PHOENIX.ICL'	302	1	0	1	1	12	'I_7B46YM1'	1	1	0	7	2	0	1	'15.7'	'@'	'@'	'@'	'@'	40	'@'
18	1000	FFFF	13	3	0	8	'B 15'	'Hip/Dress1 (E/A 113-120)'	''	''	''	''	'D:\WINAPPS\IBSCMD\PICTURE\PHOENIX.ICL'	302	1	0	1	1	1	'Eingang_Byt_10'	1	8	0	0	2	0	1	'@'	'@'	'@'	'@'	'@'	40	'@'
18	1000	FFFF	13	3	0	8	'B 15'	'Hip/Dress1 (E/A 113-120)'	''	''	''	''	'D:\WINAPPS\IBSCMD\PICTURE\PHOENIX.ICL'	302	1	0	1	1	13	'O_0'	2	1	0	0	2	0	1	'@'	'@'	'@'	'@'	'@'	40	'@'
18	1000	FFFF	13	3	0	8	'B 15'	'Hip/Dress1 (E/A 113-120)'	''	''	''	''	'D:\WINAPPS\IBSCMD\PICTURE\PHOENIX.ICL'	302	1	0	1	1	8	'O_1'	2	1	0	1	2	0	1	'@'	'@'	'@'	'@'	'@'	40	'@'
18	1000	FFFF	13	3	0	8	'B 15'	'Hip/Dress1 (E/A 113-120)'	''	''	''	''	'D:\WINAPPS\IBSCMD\PICTURE\PHOENIX.ICL'	302	1	0	1	1	14	'O_2Y45R'	2	1	0	2	2	0	1	'15.2'	'@'	'@'	'@'	'@'	40	'@'
18	1000	FFFF	13	3	0	8	'B 15'	'Hip/Dress1 (E/A 113-120)'	''	''	''	''	'D:\WINAPPS\IBSCMD\PICTURE\PHOENIX.ICL'	302	1	0	1	1	15	'O_3'	2	1	0	3	2	0	1	'@'	'@'	'@'	'@'	'@'	40	'@'
18	1000	FFFF	13	3	0	8	'B 15'	'Hip/Dress1 (E/A 113-120)'	''	''	''	''	'D:\WINAPPS\IBSCMD\PICTURE\PHOENIX.ICL'	302	1	0	1	1	17	'O_4Y45S'	2	1	0	4	2	0	1	'15.4'	'@'	'@'	'@'	'@'	40	'@'
18	1000	FFFF	13	3	0	8	'B 15'	'Hip/Dress1 (E/A 113-120)'	''	''	''	''	'D:\WINAPPS\IBSCMD\PICTURE\PHOENIX.ICL'	302	1	0	1	1	18	'O_5'	2	1	0	5	2	0	1	'@'	'@'	'@'	'@'	'@'	40	'@'
18	1000	FFFF	13	3	0	8	'B 15'	'Hip/Dress1 (E/A 113-120)'	''	''	''	''	'D:\WINAPPS\IBSCMD\PICTURE\PHOENIX.ICL'	302	1	0	1	1	9	'O_6_1M46'	2	1	0	6	2	0	1	'15.6'	'@'	'@'	'@'	'@'	40	'@'
18	1000	FFFF	13	3	0	8	'B 15'	'Hip/Dress1 (E/A 113-120)'	''	''	''	''	'D:\WINAPPS\IBSCMD\PICTURE\PHOENIX.ICL'	302	1	0	1	1	16	'O_7_'	2	1	0	7	2	0	1	'@'	'@'	'@'	'@'	'@'	40	'@'
18	1000	FFFF	13	3	0	8	'B 15'	'Hip/Dress1 (E/A 113-120)'	''	''	''	''	'D:\WINAPPS\IBSCMD\PICTURE\PHOENIX.ICL'	302	1	0	1	1	2	'Ausgang_Byt_10'	2	8	0	0	2	0	1	'@'	'@'	'@'	'@'	'@'	40	'@'
19	1A00	FFFF	14	3	0	8	'B 17'	'Hip/Dress2 (E/A 129-136)'	''	''	''	''	'D:\WINAPPS\IBSCMD\PICTURE\PHOENIX.ICL'	302	1	0	1	1	3	'I_0_B1T'	1	1	0	0	2	0	1	'@'	'@'	'@'	'@'	'@'	40	'@'
19	1A00	FFFF	14	3	0	8	'B 17'	'Hip/Dress2 (E/A 129-136)'	''	''	''	''	'D:\WINAPPS\IBSCMD\PICTURE\PHOENIX.ICL'	302	1	0	1	1	10	'I_1'	1	1	0	1	2	0	1	'@'	'@'	'@'	'@'	'@'	40	'@'
19	1A00	FFFF	14	3	0	8	'B 17'	'Hip/Dress2 (E/A 129-136)'	''	''	''	''	'D:\WINAPPS\IBSCMD\PICTURE\PHOENIX.ICL'	302	1	0	1	1	4	'I_2'	1	1	0	2	2	0	1	'@'	'@'	'@'	'@'	'@'	40	'@'
19	1A00	FFFF	14	3	0	8	'B 17'	'Hip/Dress2 (E/A 129-136)'	''	''	''	''	'D:\WINAPPS\IBSCMD\PICTURE\PHOENIX.ICL'	302	1	0	1	1	5	'I_3_B46YM2'	1	1	0	3	2	0	1	'17.3'	'@'	'@'	'@'	'@'	40	'@'
19	1A00	FFFF	14	3	0	8	'B 17'	'Hip/Dress2 (E/A 129-136)'	''	''	''	''	'D:\WINAPPS\IBSCMD\PICTURE\PHOENIX.ICL'	302	1	0	1	1	6	'I_4_'	1	1	0	4	2	0	1	'@'	'@'	'@'	'@'	'@'	40	'@'
19	1A00	FFFF	14	3	0	8	'B 17'	'Hip/Dress2 (E/A 129-136)'	''	''	''	''	'D:\WINAPPS\IBSCMD\PICTURE\PHOENIX.ICL'	302	1	0	1	1	7	'I_5_B45YEV'	1	1	0	5	2	0	1	'17.5'	'@'	'@'	'@'	'@'	40	'@'
19	1A00	FFFF	14	3	0	8	'B 17'	'Hip/Dress2 (E/A 129-136)'	''	''	''	''	'D:\WINAPPS\IBSCMD\PICTURE\PHOENIX.ICL'	302	1	0	1	1	11	'I_6'	1	1	0	6	2	0	1	'@'	'@'	'@'	'@'	'@'	40	'@'
19	1A00	FFFF	14	3	0	8	'B 17'	'Hip/Dress2 (E/A 129-136)'	''	''	''	''	'D:\WINAPPS\IBSCMD\PICTURE\PHOENIX.ICL'	302	1	0	1	1	12	'I_7B46YM1'	1	1	0	7	2	0	1	'17.7'	'@'	'@'	'@'	'@'	40	'@'
19	1A00	FFFF	14	3	0	8	'B 17'	'Hip/Dress2 (E/A 129-136)'	''	''	''	''	'D:\WINAPPS\IBSCMD\PICTURE\PHOENIX.ICL'	302	1	0	1	1	1	'Eingang_Byt_10'	1	8	0	0	2	0	1	'@'	'@'	'@'	'@'	'@'	40	'@'
19	1A00	FFFF	14	3	0	8	'B 17'	'Hip/Dress2 (E/A 129-136)'	''	''	''	''	'D:\WINAPPS\IBSCMD\PICTURE\PHOENIX.ICL'	302	1	0	1	1	13	'O_0'	2	1	0	0	2	0	1	'@'	'@'	'@'	'@'	'@'	40	'@'
19	1A00	FFFF	14	3	0	8	'B 17'	'Hip/Dress2 (E/A 129-136)'	''	''	''	''	'D:\WINAPPS\IBSCMD\PICTURE\PHOENIX.ICL'	302	1	0	1	1	8	'O_1'	2	1	0	1	2	0	1	'@'	'@'	'@'	'@'	'@'	40	'@'
19	1A00	FFFF	14	3	0	8	'B 17'	'Hip/Dress2 (E/A 129-136)'	''	''	''	''	'D:\WINAPPS\IBSCMD\PICTURE\PHOENIX.ICL'	302	1	0	1	1	14	'O_2Y45R'	2	1	0	2	2	0	1	'17.2'	'@'	'@'	'@'	'@'	40	'@'
19	1A00	FFFF	14	3	0	8	'B 17'	'Hip/Dress2 (E/A 129-136)'	''	''	''	''	'D:\WINAPPS\IBSCMD\PICTURE\PHOENIX.ICL'	302	1	0	1	1	15	'O_3'	2	1	0	3	2	0	1	'@'	'@'	'@'	'@'	'@'	40	'@'
19	1A00	FFFF	14	3	0	8	'B 17'	'Hip/Dress2 (E/A 129-136)'	''	''	''	''	'D:\WINAPPS\IBSCMD\PICTURE\PHOENIX.ICL'	302	1	0	1	1	17	'O_4Y45S'	2	1	0	4	2	0	1	'17.4'	'@'	'@'	'@'	'@'	40	'@'
19	1A00	FFFF	14	3	0	8	'B 17'	'Hip/Dress2 (E/A 129-136)'	''	''	''	''	'D:\WINAPPS\IBSCMD\PICTURE\PHOENIX.ICL'	302	1	0	1	1	18	'O_5'	2	1	0	5	2	0	1	'@'	'@'	'@'	'@'	'@'	40	'@'
19	1A00	FFFF	14	3	0	8	'B 17'	'Hip/Dress2 (E/A 129-136)'	''	''	''	''	'D:\WINAPPS\IBSCMD\PICTURE\PHOENIX.ICL'	302	1	0	1	1	9	'O_6_1M46'	2	1	0	6	2	0	1	'17.6'	'@'	'@'	'@'	'@'	40	'@'
19	1A00	FFFF	14	3	0	8	'B 17'	'Hip/Dress2 (E/A 129-136)'	''	''	''	''	'D:\WINAPPS\IBSCMD\PICTURE\PHOENIX.ICL'	302	1	0	1	1	16	'O_7_'	2	1	0	7	2	0	1	'@'	'@'	'@'	'@'	'@'	40	'@'
19	1A00	FFFF	14	3	0	8	'B 17'	'Hip/Dress2 (E/A 129-136)'	''	''	''	''	'D:\WINAPPS\IBSCMD\PICTURE\PHOENIX.ICL'	302	1	0	1	1	2	'Ausgang_Byt_10'	2	8	0	0	2	0	1	'@'	'@'	'@'	'@'	'@'	40	'@'
20	7400	FFFF	9	3	0	8	'B 26'	'Wechselplatte IR (E/A 217-224)'	''	''	''	''	'D:\WINAPPS\IBSCMD\PICTURE\PHOENIX.ICL'	302	1	0	1	1	3	'I_0_S30YER'	1	1	0	0	2	0	1	'26.0'	'@'	'@'	'@'	'@'	40	'@'
20	7400	FFFF	9	3	0	8	'B 26'	'Wechselplatte IR (E/A 217-224)'	''	''	''	''	'D:\WINAPPS\IBSCMD\PICTURE\PHOENIX.ICL'	302	1	0	1	1	10	'I_1'	1	1	0	1	2	0	1	'26.1'	'@'	'@'	'@'	'@'	40	'@'
20	7400	FFFF	9	3	0	8	'B 26'	'Wechselplatte IR (E/A 217-224)'	''	''	''	''	'D:\WINAPPS\IBSCMD\PICTURE\PHOENIX.ICL'	302	1	0	1	1	4	'I_2_B30T'	1	1	0	2	2	0	1	'26.2'	'@'	'@'	'@'	'@'	40	'@'
20	7400	FFFF	9	3	0	8	'B 26'	'Wechselplatte IR (E/A 217-224)'	''	''	''	''	'D:\WINAPPS\IBSCMD\PICTURE\PHOENIX.ICL'	302	1	0	1	1	5	'I_3_Klaschka'	1	1	0	3	2	0	1	'26.3'	'@'	'@'	'@'	'@'	40	'@'
20	7400	FFFF	9	3	0	8	'B 26'	'Wechselplatte IR (E/A 217-224)'	''	''	''	''	'D:\WINAPPS\IBSCMD\PICTURE\PHOENIX.ICL'	302	1	0	1	1	6	'I_4_B30YEV'	1	1	0	4	2	0	1	'SL.A_877'	'@'	'@'	'@'	'@'	40	'@'
20	7400	FFFF	9	3	0	8	'B 26'	'Wechselplatte IR (E/A 217-224)'	''	''	''	''	'D:\WINAPPS\IBSCMD\PICTURE\PHOENIX.ICL'	302	1	0	1	1	6	'I_4_B30YEV'	1	1	0	4	2	0	1	'26.4'	'@'	'@'	'@'	'@'	40	'@'
20	7400	FFFF	9	3	0	8	'B 26'	'Wechselplatte IR (E/A 217-224)'	''	''	''	''	'D:\WINAPPS\IBSCMD\PICTURE\PHOENIX.ICL'	302	1	0	1	1	7	'I_5'	1	1	0	5	2	0	1	'26.5'	'@'	'@'	'@'	'@'	40	'@'
20	7400	FFFF	9	3	0	8	'B 26'	'Wechselplatte IR (E/A 217-224)'	''	''	''	''	'D:\WINAPPS\IBSCMD\PICTURE\PHOENIX.ICL'	302	1	0	1	1	11	'I_6'	1	1	0	6	2	0	1	'@'	'@'	'@'	'@'	'@'	40	'@'
20	7400	FFFF	9	3	0	8	'B 26'	'Wechselplatte IR (E/A 217-224)'	''	''	''	''	'D:\WINAPPS\IBSCMD\PICTURE\PHOENIX.ICL'	302	1	0	1	1	12	'I_7'	1	1	0	7	2	0	1	'@'	'@'	'@'	'@'	'@'	40	'@'
20	7400	FFFF	9	3	0	8	'B 26'	'Wechselplatte IR (E/A 217-224)'	''	''	''	''	'D:\WINAPPS\IBSCMD\PICTURE\PHOENIX.ICL'	302	1	0	1	1	1	'Eingang_Byt_10'	1	8	0	0	2	0	1	'@'	'@'	'@'	'@'	'@'	40	'@'
20	7400	FFFF	9	3	0	8	'B 26'	'Wechselplatte IR (E/A 217-224)'	''	''	''	''	'D:\WINAPPS\IBSCMD\PICTURE\PHOENIX.ICL'	302	1	0	1	1	13	'O_0'	2	1	0	0	2	0	1	'@'	'@'	'@'	'@'	'@'	40	'@'
20	7400	FFFF	9	3	0	8	'B 26'	'Wechselplatte IR (E/A 217-224)'	''	''	''	''	'D:\WINAPPS\IBSCMD\PICTURE\PHOENIX.ICL'	302	1	0	1	1	8	'O_1'	2	1	0	1	2	0	1	'@'	'@'	'@'	'@'	'@'	40	'@'
20	7400	FFFF	9	3	0	8	'B 26'	'Wechselplatte IR (E/A 217-224)'	''	''	''	''	'D:\WINAPPS\IBSCMD\PICTURE\PHOENIX.ICL'	302	1	0	1	1	14	'O_2'	2	1	0	2	2	0	1	'@'	'@'	'@'	'@'	'@'	40	'@'
20	7400	FFFF	9	3	0	8	'B 26'	'Wechselplatte IR (E/A 217-224)'	''	''	''	''	'D:\WINAPPS\IBSCMD\PICTURE\PHOENIX.ICL'	302	1	0	1	1	15	'O_3'	2	1	0	3	2	0	1	'@'	'@'	'@'	'@'	'@'	40	'@'
20	7400	FFFF	9	3	0	8	'B 26'	'Wechselplatte IR (E/A 217-224)'	''	''	''	''	'D:\WINAPPS\IBSCMD\PICTURE\PHOENIX.ICL'	302	1	0	1	1	17	'O_4'	2	1	0	4	2	0	1	'@'	'@'	'@'	'@'	'@'	40	'@'
20	7400	FFFF	9	3	0	8	'B 26'	'Wechselplatte IR (E/A 217-224)'	''	''	''	''	'D:\WINAPPS\IBSCMD\PICTURE\PHOENIX.ICL'	302	1	0	1	1	18	'O_5'	2	1	0	5	2	0	1	'@'	'@'	'@'	'@'	'@'	40	'@'
20	7400	FFFF	9	3	0	8	'B 26'	'Wechselplatte IR (E/A 217-224)'	''	''	''	''	'D:\WINAPPS\IBSCMD\PICTURE\PHOENIX.ICL'	302	1	0	1	1	9	'O_6_Y30R'	2	1	0	6	2	0	1	'26.6'	'@'	'@'	'@'	'@'	40	'@'
20	7400	FFFF	9	3	0	8	'B 26'	'Wechselplatte IR (E/A 217-224)'	''	''	''	''	'D:\WINAPPS\IBSCMD\PICTURE\PHOENIX.ICL'	302	1	0	1	1	16	'O_7'	2	1	0	7	2	0	1	'26.7'	'@'	'@'	'@'	'@'	40	'@'
20	7400	FFFF	9	3	0	8	'B 26'	'Wechselplatte IR (E/A 217-224)'	''	''	''	''	'D:\WINAPPS\IBSCMD\PICTURE\PHOENIX.ICL'	302	1	0	1	1	2	'Ausgang_Byt_10'	2	8	0	0	2	0	1	'@'	'@'	'@'	'@'	'@'	40	'@'
21	1100	101	10	3	0	8	'B 8/9 An-Ab `H1100` o.4352 '	'ChangerGun1/2/3/4 (E/A 65-80)'	''	''	''	''	'D:\WINAPPS\IBSCMD\PICTURE\PHOENIX.ICL'	302	1	0	1	1	3	'I_1_'	1	1	0	0	2	0	1	'@'	'@'	'@'	'@'	'@'	40	'@'
21	1100	101	10	3	0	8	'B 8/9 An-Ab `H1100` o.4352 '	'ChangerGun1/2/3/4 (E/A 65-80)'	''	''	''	''	'D:\WINAPPS\IBSCMD\PICTURE\PHOENIX.ICL'	302	1	0	1	1	7	'I_2_'	1	1	0	1	2	0	1	'@'	'@'	'@'	'@'	'@'	40	'@'
21	1100	101	10	3	0	8	'B 8/9 An-Ab `H1100` o.4352 '	'ChangerGun1/2/3/4 (E/A 65-80)'	''	''	''	''	'D:\WINAPPS\IBSCMD\PICTURE\PHOENIX.ICL'	302	1	0	1	1	4	'I_3_B024B'	1	1	0	2	2	0	1	'9.2'	'@'	'@'	'@'	'@'	40	'@'
21	1100	101	10	3	0	8	'B 8/9 An-Ab `H1100` o.4352 '	'ChangerGun1/2/3/4 (E/A 65-80)'	''	''	''	''	'D:\WINAPPS\IBSCMD\PICTURE\PHOENIX.ICL'	302	1	0	1	1	10	'I_4_'	1	1	0	3	2	0	1	'@'	'@'	'@'	'@'	'@'	40	'@'
21	1100	101	10	3	0	8	'B 8/9 An-Ab `H1100` o.4352 '	'ChangerGun1/2/3/4 (E/A 65-80)'	''	''	''	''	'D:\WINAPPS\IBSCMD\PICTURE\PHOENIX.ICL'	302	1	0	1	1	5	'I_5_B20R'	1	1	0	4	2	0	1	'9.4'	'@'	'@'	'@'	'@'	40	'@'
21	1100	101	10	3	0	8	'B 8/9 An-Ab `H1100` o.4352 '	'ChangerGun1/2/3/4 (E/A 65-80)'	''	''	''	''	'D:\WINAPPS\IBSCMD\PICTURE\PHOENIX.ICL'	302	1	0	1	1	11	'I_6_B10R'	1	1	0	5	2	0	1	'9.5'	'@'	'@'	'@'	'@'	40	'@'
21	1100	101	10	3	0	8	'B 8/9 An-Ab `H1100` o.4352 '	'ChangerGun1/2/3/4 (E/A 65-80)'	''	''	''	''	'D:\WINAPPS\IBSCMD\PICTURE\PHOENIX.ICL'	302	1	0	1	1	12	'I_7_B20V'	1	1	0	6	2	0	1	'9.6'	'@'	'@'	'@'	'@'	40	'@'
21	1100	101	10	3	0	8	'B 8/9 An-Ab `H1100` o.4352 '	'ChangerGun1/2/3/4 (E/A 65-80)'	''	''	''	''	'D:\WINAPPS\IBSCMD\PICTURE\PHOENIX.ICL'	302	1	0	1	1	6	'I_8_'	1	1	0	7	2	0	1	'@'	'@'	'@'	'@'	'@'	40	'@'
21	1100	101	10	3	0	8	'B 8/9 An-Ab `H1100` o.4352 '	'ChangerGun1/2/3/4 (E/A 65-80)'	''	''	''	''	'D:\WINAPPS\IBSCMD\PICTURE\PHOENIX.ICL'	302	1	0	1	1	1	'Eingang_Byt_1'	1	8	0	0	2	0	1	'@'	'@'	'@'	'@'	'@'	40	'@'
21	1100	101	10	3	0	8	'B 8/9 An-Ab `H1100` o.4352 '	'ChangerGun1/2/3/4 (E/A 65-80)'	''	''	''	''	'D:\WINAPPS\IBSCMD\PICTURE\PHOENIX.ICL'	302	1	0	1	1	14	'O_1_Y20V'	2	1	0	0	2	0	1	'9.0'	'@'	'@'	'@'	'@'	40	'@'
21	1100	101	10	3	0	8	'B 8/9 An-Ab `H1100` o.4352 '	'ChangerGun1/2/3/4 (E/A 65-80)'	''	''	''	''	'D:\WINAPPS\IBSCMD\PICTURE\PHOENIX.ICL'	302	1	0	1	1	8	'O_2_Y10V'	2	1	0	1	2	0	1	'9.1'	'@'	'@'	'@'	'@'	40	'@'
21	1100	101	10	3	0	8	'B 8/9 An-Ab `H1100` o.4352 '	'ChangerGun1/2/3/4 (E/A 65-80)'	''	''	''	''	'D:\WINAPPS\IBSCMD\PICTURE\PHOENIX.ICL'	302	1	0	1	1	13	'O_3_'	2	1	0	2	2	0	1	'@'	'@'	'@'	'@'	'@'	40	'@'
21	1100	101	10	3	0	8	'B 8/9 An-Ab `H1100` o.4352 '	'ChangerGun1/2/3/4 (E/A 65-80)'	''	''	''	''	'D:\WINAPPS\IBSCMD\PICTURE\PHOENIX.ICL'	302	1	0	1	1	9	'O_4_Y20R'	2	1	0	3	2	0	1	'9.3'	'@'	'@'	'@'	'@'	40	'@'
21	1100	101	10	3	0	8	'B 8/9 An-Ab `H1100` o.4352 '	'ChangerGun1/2/3/4 (E/A 65-80)'	''	''	''	''	'D:\WINAPPS\IBSCMD\PICTURE\PHOENIX.ICL'	302	1	0	1	1	15	'O_5_'	2	1	0	4	2	0	1	'@'	'@'	'@'	'@'	'@'	40	'@'
21	1100	101	10	3	0	8	'B 8/9 An-Ab `H1100` o.4352 '	'ChangerGun1/2/3/4 (E/A 65-80)'	''	''	''	''	'D:\WINAPPS\IBSCMD\PICTURE\PHOENIX.ICL'	302	1	0	1	1	16	'O_6_'	2	1	0	5	2	0	1	'@'	'@'	'@'	'@'	'@'	40	'@'
21	1100	101	10	3	0	8	'B 8/9 An-Ab `H1100` o.4352 '	'ChangerGun1/2/3/4 (E/A 65-80)'	''	''	''	''	'D:\WINAPPS\IBSCMD\PICTURE\PHOENIX.ICL'	302	1	0	1	1	17	'O_7_'	2	1	0	6	2	0	1	'@'	'@'	'@'	'@'	'@'	40	'@'
21	1100	101	10	3	0	8	'B 8/9 An-Ab `H1100` o.4352 '	'ChangerGun1/2/3/4 (E/A 65-80)'	''	''	''	''	'D:\WINAPPS\IBSCMD\PICTURE\PHOENIX.ICL'	302	1	0	1	1	18	'O_8_'	2	1	0	7	2	0	1	'@'	'@'	'@'	'@'	'@'	40	'@'
21	1100	101	10	3	0	8	'B 8/9 An-Ab `H1100` o.4352 '	'ChangerGun1/2/3/4 (E/A 65-80)'	''	''	''	''	'D:\WINAPPS\IBSCMD\PICTURE\PHOENIX.ICL'	302	1	0	1	1	2	'Ausgang_Byt_1'	2	8	0	0	2	0	1	'@'	'@'	'@'	'@'	'@'	40	'@'
22	1200	102	45	3	0	32	'GRP ACTROS 0-32'	''	''	''	''	''	''	3	1	0	1	1	1	'32-Bit_Eingang_1'	1	32	0	0	2	0	1	'2'	'@'	'@'	'@'	'@'	40	'@'
22	1200	102	45	3	0	32	'GRP ACTROS 0-32'	''	''	''	''	''	''	3	1	0	1	1	3	'Ein_byte0'	1	8	0	0	2	0	1	'@'	'@'	'@'	'@'	'@'	40	'@'
22	1200	102	45	3	0	32	'GRP ACTROS 0-32'	''	''	''	''	''	''	3	1	0	1	1	4	'Ein_byte1'	1	8	1	0	2	0	1	'@'	'@'	'@'	'@'	'@'	40	'@'
22	1200	102	45	3	0	32	'GRP ACTROS 0-32'	''	''	''	''	''	''	3	1	0	1	1	5	'Ein_byte2'	1	8	2	0	2	0	1	'@'	'@'	'@'	'@'	'@'	40	'@'
22	1200	102	45	3	0	32	'GRP ACTROS 0-32'	''	''	''	''	''	''	3	1	0	1	1	6	'Ein_byte3'	1	8	3	0	2	0	1	'@'	'@'	'@'	'@'	'@'	40	'@'
22	1200	102	45	3	0	32	'GRP ACTROS 0-32'	''	''	''	''	''	''	3	1	0	1	1	2	'32-Bit_Ausgang_1'	2	32	0	0	2	0	1	'2'	'@'	'@'	'@'	'@'	40	'@'
22	1200	102	45	3	0	32	'GRP ACTROS 0-32'	''	''	''	''	''	''	3	1	0	1	1	7	'Aus_byte0'	2	8	0	0	2	0	1	'@'	'@'	'@'	'@'	'@'	40	'@'
22	1200	102	45	3	0	32	'GRP ACTROS 0-32'	''	''	''	''	''	''	3	1	0	1	1	8	'Aus_byte1'	2	8	1	0	2	0	1	'@'	'@'	'@'	'@'	'@'	40	'@'
22	1200	102	45	3	0	32	'GRP ACTROS 0-32'	''	''	''	''	''	''	3	1	0	1	1	9	'Aus_byte2'	2	8	2	0	2	0	1	'@'	'@'	'@'	'@'	'@'	40	'@'
22	1200	102	45	3	0	32	'GRP ACTROS 0-32'	''	''	''	''	''	''	3	1	0	1	1	10	'Aus_byte3'	2	8	3	0	2	0	1	'@'	'@'	'@'	'@'	'@'	40	'@'
23	1300	103	12	3	0	32	'GRP ACCELO TETO 33-48'	''	''	''	''	''	''	3	1	0	1	1	1	'32-Bit_Eingang_1'	1	32	0	0	2	0	1	'4'	'@'	'@'	'@'	'@'	40	'@'
23	1300	103	12	3	0	32	'GRP ACCELO TETO 33-48'	''	''	''	''	''	''	3	1	0	1	1	3	'Ein_byte0'	1	8	0	0	2	0	1	'@'	'@'	'@'	'@'	'@'	40	'@'
23	1300	103	12	3	0	32	'GRP ACCELO TETO 33-48'	''	''	''	''	''	''	3	1	0	1	1	4	'Ein_byte1'	1	8	1	0	2	0	1	'@'	'@'	'@'	'@'	'@'	40	'@'
23	1300	103	12	3	0	32	'GRP ACCELO TETO 33-48'	''	''	''	''	''	''	3	1	0	1	1	5	'Ein_byte2'	1	8	2	0	2	0	1	'@'	'@'	'@'	'@'	'@'	40	'@'
23	1300	103	12	3	0	32	'GRP ACCELO TETO 33-48'	''	''	''	''	''	''	3	1	0	1	1	6	'Ein_byte3'	1	8	3	0	2	0	1	'@'	'@'	'@'	'@'	'@'	40	'@'
23	1300	103	12	3	0	32	'GRP ACCELO TETO 33-48'	''	''	''	''	''	''	3	1	0	1	1	2	'32-Bit_Ausgang_1'	2	32	0	0	2	0	1	'4'	'@'	'@'	'@'	'@'	40	'@'
23	1300	103	12	3	0	32	'GRP ACCELO TETO 33-48'	''	''	''	''	''	''	3	1	0	1	1	7	'Aus_byte0'	2	8	0	0	2	0	1	'@'	'@'	'@'	'@'	'@'	40	'@'
23	1300	103	12	3	0	32	'GRP ACCELO TETO 33-48'	''	''	''	''	''	''	3	1	0	1	1	8	'Aus_byte1'	2	8	1	0	2	0	1	'@'	'@'	'@'	'@'	'@'	40	'@'
23	1300	103	12	3	0	32	'GRP ACCELO TETO 33-48'	''	''	''	''	''	''	3	1	0	1	1	9	'Aus_byte2'	2	8	2	0	2	0	1	'@'	'@'	'@'	'@'	'@'	40	'@'
23	1300	103	12	3	0	32	'GRP ACCELO TETO 33-48'	''	''	''	''	''	''	3	1	0	1	1	10	'Aus_byte3'	2	8	3	0	2	0	1	'@'	'@'	'@'	'@'	'@'	40	'@'
24	1400	104	15	3	0	32	'GRP ACCELO PAINEL 49-64'	''	''	''	''	''	''	3	1	0	1	1	1	'32-Bit_Eingang_1'	1	32	0	0	2	0	1	'30'	'@'	'@'	'@'	'@'	40	'@'
24	1400	104	15	3	0	32	'GRP ACCELO PAINEL 49-64'	''	''	''	''	''	''	3	1	0	1	1	3	'Ein_byte0'	1	8	0	0	2	0	1	'@'	'@'	'@'	'@'	'@'	40	'@'
24	1400	104	15	3	0	32	'GRP ACCELO PAINEL 49-64'	''	''	''	''	''	''	3	1	0	1	1	4	'Ein_byte1'	1	8	1	0	2	0	1	'@'	'@'	'@'	'@'	'@'	40	'@'
24	1400	104	15	3	0	32	'GRP ACCELO PAINEL 49-64'	''	''	''	''	''	''	3	1	0	1	1	5	'Ein_byte2'	1	8	2	0	2	0	1	'@'	'@'	'@'	'@'	'@'	40	'@'
24	1400	104	15	3	0	32	'GRP ACCELO PAINEL 49-64'	''	''	''	''	''	''	3	1	0	1	1	6	'Ein_byte3'	1	8	3	0	2	0	1	'@'	'@'	'@'	'@'	'@'	40	'@'
24	1400	104	15	3	0	32	'GRP ACCELO PAINEL 49-64'	''	''	''	''	''	''	3	1	0	1	1	2	'32-Bit_Ausgang_1'	2	32	0	0	2	0	1	'30'	'@'	'@'	'@'	'@'	40	'@'
24	1400	104	15	3	0	32	'GRP ACCELO PAINEL 49-64'	''	''	''	''	''	''	3	1	0	1	1	7	'Aus_byte0'	2	8	0	0	2	0	1	'@'	'@'	'@'	'@'	'@'	40	'@'
24	1400	104	15	3	0	32	'GRP ACCELO PAINEL 49-64'	''	''	''	''	''	''	3	1	0	1	1	8	'Aus_byte1'	2	8	1	0	2	0	1	'@'	'@'	'@'	'@'	'@'	40	'@'
24	1400	104	15	3	0	32	'GRP ACCELO PAINEL 49-64'	''	''	''	''	''	''	3	1	0	1	1	9	'Aus_byte2'	2	8	2	0	2	0	1	'@'	'@'	'@'	'@'	'@'	40	'@'
24	1400	104	15	3	0	32	'GRP ACCELO PAINEL 49-64'	''	''	''	''	''	''	3	1	0	1	1	10	'Aus_byte3'	2	8	3	0	2	0	1	'@'	'@'	'@'	'@'	'@'	40	'@'
25	1500	105	22	3	0	32	'GRP AXOR1 489-520'	''	''	''	''	''	''	3	1	0	1	1	1	'32-Bit_Eingang_1'	1	32	0	0	2	0	1	'62'	'@'	'@'	'@'	'@'	40	'@'
25	1500	105	22	3	0	32	'GRP AXOR1 489-520'	''	''	''	''	''	''	3	1	0	1	1	2	'32-Bit_Ausgang_1'	2	32	0	0	2	0	1	'62'	'@'	'@'	'@'	'@'	40	'@'
26	1600	106	23	3	0	32	'GRP AXOR2 521-552'	''	''	''	''	''	''	3	1	0	1	1	1	'32-Bit_Eingang_1'	1	32	0	0	2	0	1	'66'	'@'	'@'	'@'	'@'	40	'@'
26	1600	106	23	3	0	32	'GRP AXOR2 521-552'	''	''	''	''	''	''	3	1	0	1	1	2	'32-Bit_Ausgang_1'	2	32	0	0	2	0	1	'66'	'@'	'@'	'@'	'@'	40	'@'
